time_s,cui_original_pit_depth_um,abaqus_ufl_diag_pit_depth_um,abaqus_ufl_minus_original_um
0.0,0.0,0.0,0.0
1.0,0.0,0.0,0.0
1.0,0.0,0.0,0.0
2.0,0.0,0.0,0.0
2.0,0.0,0.0,0.0
2.0010000000474975,0.0,0.0,0.0
2.0012499999720603,0.0,0.0,0.0
2.0015000000130385,0.0,0.0,0.0
2.002000000094995,0.0,0.0,0.0
2.002749999985099,0.0,0.0,0.0
2.00387499993667,0.0,0.0,0.0
2.0061249998398125,0.0,0.0,0.0
2.009499999694526,0.0,0.0,0.0
2.0162499994039536,0.0,0.0,0.0
2.0297500006854534,0.0,0.0,0.0
2.056749999523163,0.0,0.0,0.0
2.1107499971985817,0.0,0.0,0.0
2.21875,0.0,0.0,0.0
2.4347499907016754,0.0,0.0,0.0
2.8667500019073486,0.0,0.0,0.0
3.0,0.0,0.0,0.0
3.0,0.0,0.0,0.0
3.0067500001750886,0.0,0.00059994660075674,0.00059994660075674
3.0272812508046627,0.0,0.00242478418668108,0.00242478418668108
3.1774951219558716,0.21054598619230092,0.015775939600909672,-0.19477004659139124
3.5523178577423096,0.21054598619230092,0.04909055002882155,-0.16145543616347935
4.515922784805298,0.21054598619230092,0.1347366960241132,-0.07580929016818772
5.765922784805298,0.7980921072885394,0.24583791550461145,-0.552254191783928
7.015922546386719,0.7980921072885394,0.35693911379423376,-0.44115299349430565
8.265922546386719,0.7980921072885394,0.46804033327473205,-0.33005177401380736
9.515922546386719,1.209302106872201,0.5791415527552303,-0.6301605541169707
10.765922546386719,1.2323425617069006,0.6902427722357285,-0.5420997894711721
12.015922546386719,1.2553572887554765,0.8013439917162268,-0.45401329703924964
13.265922546386719,1.2553572887554765,0.912445211196725,-0.3429120775587515
14.515922546386719,1.2553572887554765,1.0235464306772233,-0.2318108580782532
15.765922546386719,1.381883048452437,1.1346476501577214,-0.24723539829471552
17.01592254638672,1.381883048452437,1.2457488696382197,-0.1361341788142172
18.26592254638672,1.7945405561476946,1.356850089118718,-0.4376904670289765
19.51592254638672,1.8311800668016076,1.4679513085992162,-0.3632287582023914
20.76592254638672,1.8311800668016076,1.5790525280797145,-0.2521275387218931
22.01592254638672,1.8964743940159678,1.6901537475602129,-0.20632064645575499
23.26592254638672,1.8964743940159678,1.8012549670407108,-0.0952194269752571
24.51592254638672,1.8964743940159678,1.9060095125312462,0.009535118515278329
25.76592254638672,1.8964743940159678,1.9727134830811566,0.07623908906518873
27.01592254638672,2.2218727972358465,2.039417453631067,-0.18245534360477933
28.26592254638672,2.264055423438549,2.1061214241809774,-0.15793399925757168
29.51592254638672,2.264055423438549,2.1728253947308875,-0.0912300287076615
30.76592254638672,2.345301676541567,2.239529365280798,-0.10577231126076869
32.01592254638672,2.345301676541567,2.3062333358307083,-0.03906834071085852
33.26592254638672,2.345301676541567,2.372937306380619,0.0276356298390521
34.51592254638672,2.345301676541567,2.439641276930529,0.09433960038896227
35.76592254638672,2.433608751744032,2.5063452474804397,0.07273649573640784
37.01592254638672,2.433608751744032,2.57304921803035,0.139440466286318
38.26592254638672,2.433608751744032,2.6397531885802605,0.20614443683622863
39.51592254638672,2.8041491750627756,2.7064571591301707,-0.0976920159326049
40.76592254638672,2.8478712774813175,2.7731611296800813,-0.07471014780123619
42.01592254638672,2.8478712774813175,2.8398651002299915,-0.008006177251326019
43.26592254638672,2.8478712774813175,2.906569070779902,0.0586977932985846
44.51592254638672,2.9303892515599728,2.9732730413298123,0.04288378976983953
45.76592254638672,2.9303892515599728,3.0399770118797225,0.1095877603197497
47.01592254638672,2.9303892515599728,3.106680982429633,0.17629173086966032
48.26592254638672,3.005099482834339,3.1733849529795437,0.16828547014520456
49.51592254638672,3.230553353205323,3.2380639497240917,0.007510596518768509
50.76592254638672,3.274403279647231,3.2906023548297205,0.01619907518248942
52.01592254638672,3.274403279647231,3.3431407599353493,0.06873748028811821
53.26592254638672,3.274403279647231,3.395679165040978,0.12127588539374701
54.51592254638672,3.355494001880288,3.448217570146607,0.09272356826631878
55.76592254638672,3.355494001880288,3.5007559752522357,0.14526197337194757
57.01592254638672,3.355494001880288,3.5532943803578645,0.19780037847757637
58.26592254638672,3.421701490879059,3.6058327854634933,0.18413129458443445
59.51592254638672,3.421701490879059,3.658371190569122,0.23666969969006324
60.76592254638672,3.421701490879059,3.710909595674751,0.28920810479569203
62.01592254638672,3.421701490879059,3.7634480007803797,0.3417465099013208
63.26592254638672,3.8558728992938995,3.8159864058860085,-0.03988649340789108
64.51592254638672,3.8558728992938995,3.8685248109916373,0.012651911697737717
65.76592254638672,3.8558728992938995,3.921063216097266,0.06519031680336651
67.01592254638672,3.9318078197538853,3.973601621202895,0.04179380144900957
68.26592254638672,3.9318078197538853,4.026140026308524,0.09433220655463881
69.51592254638672,3.9318078197538853,4.078678431414152,0.14687061166026716
70.76592254638672,3.9883828721940517,4.131216836519782,0.14283396432572992
72.01592254638672,4.240219946950674,4.18375524162541,-0.05646470532526404
73.26592254638672,4.281322006136179,4.236293646731039,-0.04502835940513972
74.51592254638672,4.281322006136179,4.288951766233399,0.007629760097220384
75.76592254638672,4.281322006136179,4.342327625194994,0.06100561905881463
77.01592254638672,4.352911841124296,4.395703484156588,0.04279164303229166
78.26592254638672,4.352911841124296,4.449079343118182,0.0961675019938859
79.51592254638672,4.403416998684406,4.502455202079776,0.09903820339537006
80.76592254638672,4.403416998684406,4.555831061041371,0.1524140623569643
82.01592254638672,4.403416998684406,4.609206920002965,0.20578992131855856
83.26592254638672,4.403416998684406,4.662582778964559,0.2591657802801528
84.51592254638672,4.824192728847265,4.715958637926153,-0.10823409092111191
85.76592254638672,4.86221956089139,4.769334496887747,-0.09288506400364316
87.01592254638672,4.86221956089139,4.822710355849341,-0.03950920504204891
88.26592254638672,4.927091766148806,4.876086214810935,-0.051005551337870436
89.51592254638672,4.927091766148806,4.929462073772529,0.0023703076237238108
90.76592254638672,4.927091766148806,4.982837932734124,0.05574616658531806
92.01592254638672,4.970645997673273,5.036213791695718,0.06556779402244484
93.26592254638672,4.970645997673273,5.089589650657312,0.11894365298403908
94.51592254638672,5.251771304756403,5.142965509618906,-0.10880579513749655
95.76592254638672,5.287847016006708,5.196341368580501,-0.09150564742620748
97.01592254638672,5.287847016006708,5.249717227542094,-0.03812978846461412
98.26592254638672,5.348839331418276,5.303093086503688,-0.045746244914587564
99.51592254638672,5.348839331418276,5.356252721662861,0.007413390244584761
100.76592254638672,5.348839331418276,5.408116001836661,0.05927667041838536
102.01592254638672,5.388698540627956,5.459979282010462,0.0712807413825054
103.26592254638672,5.388698540627956,5.511842562184262,0.123144021556306
104.51592254638672,5.388698540627956,5.563705842358063,0.1750073017301066
105.76592254638672,5.388698540627956,5.6155691225318645,0.22687058190390808
107.01592254638672,5.835955496877432,5.667432402705665,-0.1685230941717668
108.26592254638672,5.869780667126179,5.719295682879466,-0.15048498424671308
109.51592254638672,5.869780667126179,5.771158963053266,-0.09862170407291249
110.76592254638672,5.926893092691898,5.823022243227067,-0.1038708494648315
111.70342254638672,5.926893092691898,5.861919703357418,-0.06497338933448038
112.95342254638672,5.926893092691898,5.913782983531219,-0.013110109160679784
114.20342254638672,5.963609088212252,5.965646263705019,0.0020371754927674957
115.45342254638672,5.963609088212252,6.01750954387882,0.05390045566656809
116.70342254638672,6.29596970975399,6.069372824052621,-0.22659688570136893
117.95342254638672,6.29596970975399,6.121236104226422,-0.17473360552756834
119.20342254638672,6.29596970975399,6.173099384400222,-0.12287032535376774
120.45342254638672,6.3507407903671265,6.224962664574023,-0.12577812579310343
121.70342254638672,6.3507407903671265,6.276825944747824,-0.07391484561930284
122.95342254638672,6.386104039847851,6.328689224921625,-0.05741481492622569
124.20342254638672,6.386104039847851,6.380552505095426,-0.005551534752425091
125.45342254638672,6.386104039847851,6.4310978471432785,0.04499380729542768
126.70342254638672,6.386104039847851,6.481485190839848,0.09538115099199729
127.95342254638672,6.386104039847851,6.531872534536419,0.14576849468856778
129.20342254638672,6.878404878079891,6.582259878232989,-0.2961449998469021
130.45342254638672,6.878404878079891,6.632647221929559,-0.24575765615033252
131.70343017578125,6.930655334144831,6.6830348731660685,-0.24762046097876222
132.95343017578125,6.930655334144831,6.733422216862639,-0.19723311728219173
134.20343017578125,6.930655334144831,6.783809560559209,-0.14684577358562212
135.45343017578125,6.965467240661383,6.834196904255779,-0.1312703364056036
136.70343017578125,6.965467240661383,6.88458424795235,-0.0808829927090331
137.95343017578125,7.275391835719347,6.934971591648919,-0.3404202440704278
139.20343017578125,7.305691950023174,6.98535893534549,-0.3203330146776846
140.45343017578125,7.305691950023174,7.035746279042059,-0.269945670981115
141.70343017578125,7.358594331890345,7.08613362273863,-0.27246070915171483
142.95343017578125,7.358594331890345,7.136520966435199,-0.22207336545514522
144.20343017578125,7.358594331890345,7.18690831013177,-0.17168602175857473
145.45343017578125,7.393851410597563,7.23729565382834,-0.1565557567692224
146.70343017578125,7.393851410597563,7.28768299752491,-0.10616841307265279
147.95343017578125,7.393851410597563,7.3380703412214805,-0.05578106937608229
149.20343017578125,7.393851410597563,7.38845768491805,-0.005393725679512684
150.45343017578125,7.8591350466012955,7.461464144910381,-0.39767090169091457
151.70343017578125,7.890623062849045,7.537182078851084,-0.3534409839979604
152.95343017578125,7.890623062849045,7.612900012791789,-0.27772305005725606
154.20343017578125,7.947834208607674,7.688617946732493,-0.25921626187518054
155.45343017578125,7.947834208607674,7.764335880673197,-0.18349832793447707
156.70343017578125,7.947834208607674,7.840053814613901,-0.1077803939937727
157.95343017578125,7.984859868884087,7.915771748554605,-0.0690881203294813
159.20343017578125,8.286709897220135,7.99148968249531,-0.29522021472482507
160.45343017578125,8.320014923810959,8.067207616436013,-0.2528073073749457
161.70343017578125,8.320014923810959,8.142925550376717,-0.17708937343424225
162.95343017578125,8.320014923810959,8.218643484317422,-0.101371439493537
164.20343017578125,8.383643813431263,8.294361418258125,-0.08928239517313763
165.45343017578125,8.383643813431263,8.370079352198829,-0.013564461232434155
166.70343017578125,8.383643813431263,8.445797286139534,0.062153472708271096
167.95343017578125,8.42376984655857,8.521515220080238,0.09774537352166668
169.20343017578125,8.42376984655857,8.597233154020941,0.17346330746237015
170.45343017578125,8.42376984655857,8.672951087961646,0.2491812414030754
171.70343017578125,8.871129713952541,8.74866902190235,-0.12246069205019161
172.95343017578125,8.908210322260857,8.824386955843055,-0.08382336641780164
174.20343017578125,8.908210322260857,8.900104889783758,-0.008105432477098162
175.45343017578125,8.908210322260857,8.957967267799601,0.049756945538744546
176.70343017578125,8.9850639924407,9.01368920522126,0.028625212780559295
177.95343017578125,8.9850639924407,9.069411142642917,0.08434715020221617
179.20343017578125,8.9850639924407,9.125133080064575,0.14006908762387482
180.45343017578125,9.031892754137516,9.180855017486234,0.14896226334871798
181.70343017578125,9.338500909507275,9.236576954907893,-0.10192395459938197
182.95343017578125,9.338500909507275,9.292298892329551,-0.04620201717772332
184.20343017578125,9.338500909507275,9.34802082975121,0.009519920243935331
185.45343017578125,9.424233809113503,9.403742767172869,-0.02049104194063389
186.70343017578125,9.424233809113503,9.459464704594527,0.03523089548102476
187.95343017578125,9.424233809113503,9.515186642016186,0.09095283290268341
189.20343017578125,9.424233809113503,9.570908579437845,0.14667477032434206
190.45343017578125,9.475973434746265,9.626630516859503,0.1506570821132378
191.70343017578125,9.475973434746265,9.682352454281162,0.20637901953489646
192.95343017578125,9.475973434746265,9.73807439170282,0.2621009569565551
194.20343017578125,9.925889782607555,9.79379632912448,-0.13209345348307622
195.45343017578125,9.925889782607555,9.849518266546138,-0.07637151606141757
196.70343017578125,9.925889782607555,9.905240203967796,-0.020649578639758914
197.95343017578125,9.925889782607555,9.960962141389455,0.03507235878189974
199.20343017578125,10.022648610174656,10.016684078811114,-0.005964531363542136
200.45343017578125,10.022648610174656,10.080944469418174,0.05829585924351832
201.70343017578125,10.022648610174656,10.146228409887614,0.1235797997129584
202.95343017578125,10.313951410353184,10.211512350357054,-0.10243905999612934
204.20343017578125,10.356446728110313,10.276796290826494,-0.07965043728381893
205.45343017578125,10.356446728110313,10.342080231295935,-0.014366496814378849
206.70343017578125,10.356446728110313,10.407364171765375,0.050917443655061234
207.95343017578125,10.462794452905655,10.472648112234815,0.009853659329159825
209.20343017578125,10.462794452905655,10.537932052704253,0.07513759979859813
210.45343017578125,10.462794452905655,10.603215993173693,0.14042154026803821
211.70343017578125,10.462794452905655,10.668499933643133,0.2057054807374783
212.95343017578125,10.532364249229431,10.733783874112573,0.20141962488314213
214.20343017578125,10.532364249229431,10.799067814582013,0.2667035653525822
215.45343017578125,10.89982409030199,10.864351755051453,-0.03547233525053706
216.70343017578125,10.945355519652367,10.929635695520894,-0.015719824131473104
217.95343017578125,10.945355519652367,10.994919635990332,0.0495641163379652
219.20343017578125,10.945355519652367,11.060203576459772,0.11484805680740529
220.45343017578125,11.066872626543045,11.125487516929212,0.05861489038616696
221.70343017578125,11.066872626543045,11.190771457398652,0.12389883085560705
222.95343017578125,11.066872626543045,11.256055397868092,0.18918277132504713
224.20343017578125,11.328327469527721,11.321339338337532,-0.006988131190189151
225.45343017578125,11.375144124031067,11.375645172600326,0.0005010485692586997
226.70343017578125,11.375144124031067,11.428635002798568,0.05349087876750147
227.95343017578125,11.375144124031067,11.48162483299681,0.10648070896574247
229.20343017578125,11.375144124031067,11.534614663195052,0.15947053916398524
230.45343017578125,11.504149064421654,11.587604493393293,0.08345542897163938
231.70343017578125,11.504149064421654,11.640594323591536,0.13644525916988215
232.95343017578125,11.504149064421654,11.693584153789779,0.18943508936812492
234.20343017578125,11.504149064421654,11.74657398398802,0.24242491956636592
235.45343017578125,11.608527973294258,11.799563814186262,0.19103584089200432
236.70343017578125,11.913142167031765,11.852553644384503,-0.060588522647261556
237.95343017578125,11.960435658693314,11.905543474582746,-0.0548921841105674
239.20343017578125,11.960435658693314,11.958533304780987,-0.0019023539123264044
240.45343017578125,11.960435658693314,12.01152313497923,0.05108747628591637
241.70343017578125,12.094732373952866,12.064512965177471,-0.03021940877539464
242.95343017578125,12.094732373952866,12.117502795375714,0.02277042142284813
244.20343017578125,12.094732373952866,12.170492625573955,0.07576025162108913
245.45343017578125,12.340400367975235,12.223482455772197,-0.11691791220303749
246.70343017578125,12.388124130666256,12.27647228597044,-0.11165184469581568
247.95343017578125,12.388124130666256,12.329462116168681,-0.05866201449757469
249.20343017578125,12.388124130666256,12.382451946366924,-0.005672184299331917
250.45343017578125,12.388124130666256,12.439120811421597,0.05099668075534147
251.70343017578125,12.524185702204704,12.49623070198045,-0.02795500022425479
252.95343017578125,12.524185702204704,12.5533405925393,0.029154890334595507
254.20343017578125,12.524185702204704,12.610450483098152,0.08626478089344758
255.45343017578125,12.635388411581516,12.667560373657002,0.032171962075485894
256.70343017578125,12.635388411581516,12.724670264215854,0.08928185263433797
257.95343017578125,12.922882102429867,12.781780154774705,-0.14110194765516226
259.20343017578125,12.971306219696999,12.838890045333557,-0.132416174363442
260.45343017578125,12.971306219696999,12.895999935892407,-0.0753062838045917
261.70343017578125,12.971306219696999,12.953109826451259,-0.018196393245739628
262.95343017578125,13.10689002275467,13.01021971701011,-0.09667030574455993
264.20343017578125,13.10689002275467,13.067329607568961,-0.03956041518570785
265.45343017578125,13.10689002275467,13.124439498127812,0.017549475373142442
266.70343017578125,13.34881130605936,13.181549388686664,-0.1672619173726968
267.95343017578125,13.397383503615856,13.238659279245516,-0.1587242243703404
269.20343017578125,13.397383503615856,13.295769169804366,-0.1016143338114901
270.45343017578125,13.397383503615856,13.352879060363218,-0.044504443252638026
271.70343017578125,13.530321419239044,13.409988950922068,-0.12033246831697575
272.95343017578125,13.530321419239044,13.46709884148092,-0.06322257775812368
274.20343017578125,13.530321419239044,13.52420873203977,-0.006112687199273381
275.45343017578125,13.530321419239044,13.593079486121047,0.0627580668820027
276.70343017578125,13.629728928208351,13.66335989750991,0.03363096930155862
277.95343017578125,13.929992914199829,13.733640308898773,-0.19635260530105647
279.20343017578125,13.978265225887299,13.803920720287636,-0.17434450559966308
280.45343017578125,13.978265225887299,13.874201131676498,-0.1040640942108002
281.70343017578125,13.978265225887299,13.944481543065361,-0.03378368282193733
282.95343017578125,13.978265225887299,14.014761954454224,0.03649672856692554
284.20343017578125,14.104444533586502,14.085042365843087,-0.019402167743415077
285.45343017578125,14.104444533586502,14.15532277723195,0.050878243645447796
286.70343017578125,14.104444533586502,14.225603188620813,0.12115865503431067
287.95343017578125,14.403386041522026,14.295883600009677,-0.10750244151234867
289.20343017578125,14.403386041522026,14.366164011398538,-0.03722203012348757
290.45343017578125,14.403386041522026,14.436444422787403,0.03305838126537708
291.70343017578125,14.403386041522026,14.506724834176266,0.10333879265423995
292.95343017578125,14.524318277835846,14.577005245565129,0.05268696772928294
294.20343017578125,14.524318277835846,14.647285656953992,0.12296737911814581
295.45343017578125,14.524318277835846,14.717566068342855,0.1932477905070087
296.70343017578125,14.610033482313156,14.787846479731718,0.17781299741856138
297.95343017578125,14.610033482313156,14.85812689112058,0.24809340880742425
299.20343017578125,14.935929328203201,14.928407302509443,-0.007522025693758039
300.45343017578125,14.98396322131157,14.987652537828398,0.003689316516828356
301.70343017578125,14.98396322131157,15.045575096750522,0.061611875438952524
302.95343017578125,14.98396322131157,15.103497655672648,0.11953443436107847
304.20343017578125,15.097319148480892,15.161420214594772,0.06410106611387967
305.45343017578125,15.097319148480892,15.219342773516896,0.12202362503600384
306.70343017578125,15.097319148480892,15.27726533243902,0.179946183958128
307.95343017578125,15.361380763351917,15.335187891361144,-0.026192871990772915
309.20343017578125,15.409308485686779,15.393110450283269,-0.016198035403510502
310.45343017578125,15.409308485686779,15.451033009205394,0.04172452351861544
311.70343017578125,15.409308485686779,15.508955568127519,0.09964708244073961
312.95343017578125,15.518014319241047,15.566878127049643,0.048863807808595894
314.20343017578125,15.518014319241047,15.624800685971767,0.10678636673072006
315.45343017578125,15.518014319241047,15.682723244893891,0.16470892565284423
316.70343017578125,15.592138282954693,15.740645803816015,0.14850752086132246
317.95343017578125,15.592138282954693,15.79856836273814,0.20643007978344663
319.20343017578125,15.943054109811783,15.856490921660265,-0.08656318815151742
320.45343017578125,15.990793704986572,15.91441348058239,-0.07638022440418268
321.70343017578125,15.990793704986572,15.972336039504514,-0.018457665482058516
322.95343017578125,15.990793704986572,16.030258598426638,0.03946489344006565
324.20343017578125,16.094380989670753,16.088181157348764,-0.006199832321989618
325.45343017578125,16.094380989670753,16.153805414395247,0.05942442472449372
326.70343017578125,16.094380989670753,16.220352797113677,0.12597180744292302
327.95343017578125,16.369987279176712,16.28690017983211,-0.08308709934460268
329.20343017578125,16.416819766163826,16.353447562550542,-0.06337220361328377
330.45343017578125,16.416819766163826,16.419994945268975,0.003175179105149084
331.70343017578125,16.416819766163826,16.486542327987404,0.06972256182357839
332.95343017578125,16.51761867105961,16.553089710705837,0.035471039646228775
334.20343017578125,16.51761867105961,16.61963709342427,0.10201842236466163
335.45343017578125,16.51761867105961,16.686184476142703,0.1685658050830945
336.70343017578125,16.584595665335655,16.752731858861132,0.16813619352547704
337.95343017578125,16.584595665335655,16.819279241579565,0.2346835762439099
339.20343017578125,16.584595665335655,16.885826624297998,0.30123095896234275
340.45343017578125,16.9992595911026,16.95237400701643,-0.046885584086169274
341.70343017578125,16.9992595911026,17.01892138973486,0.01966179863226003
342.95343017578125,16.9992595911026,17.085468772453293,0.08620918135069289
344.20343017578125,17.097556963562965,17.152016155171726,0.05445919160876045
345.45343017578125,17.097556963562965,17.21856353789016,0.1210065743271933
346.70343017578125,17.097556963562965,17.285110920608588,0.1875539570456226
347.95343017578125,17.1639621257782,17.35165830332702,0.18769617754882262
349.20343017578125,17.425328493118286,17.418205686045454,-0.0071228070728324155
350.45343017578125,17.425328493118286,17.47402614252839,0.048697649410105015
351.70343017578125,17.425328493118286,17.52856086944504,0.10323237632675486
352.95343017578125,17.52096600830555,17.583095596361694,0.06212958805614477
354.20343017578125,17.52096600830555,17.637630323278348,0.11666431497279817
355.45343017578125,17.52096600830555,17.692165050195,0.17119904188945156
356.70343017578125,17.58773624897003,17.74669977711165,0.1589635281416193
357.95343017578125,17.58773624897003,17.801234504028304,0.2134982550582727
359.20343017578125,17.58773624897003,17.855769230944958,0.2680329819749261
360.45343017578125,17.97155663371086,17.91030395786161,-0.06125267584924998
361.70343017578125,18.006937578320503,17.96483868477826,-0.042098893542242166
362.95343017578125,18.006937578320503,18.019373411694914,0.012435833374411231
364.20343017578125,18.097804859280586,18.073908138611568,-0.02389672066901838
365.45343017578125,18.097804859280586,18.12844286552822,0.03063800624763502
366.70343017578125,18.097804859280586,18.18297759244487,0.08517273316428486
367.95343017578125,18.166139721870422,18.237512319361525,0.07137259749110214
369.20343017578125,18.431616947054863,18.292047046278178,-0.13956990077668507
370.45343017578125,18.431616947054863,18.34658177319483,-0.08503517386003168
371.70343017578125,18.431616947054863,18.40111650011148,-0.03050044694338183
372.95343017578125,18.516022711992264,18.455651227028135,-0.06037148496412925
374.20343017578125,18.516022711992264,18.510185953944788,-0.005836758047475854
375.45343017578125,18.516022711992264,18.562257464980167,0.04623475298790325
376.70343017578125,18.582260236144066,18.614033734916916,0.03177349877284996
377.95343017578125,18.582260236144066,18.665810004853668,0.08354976870960229
379.20343017578125,18.582260236144066,18.717586274790417,0.13532603864635107
380.45343017578125,19.010258838534355,18.769362544727166,-0.24089629380718947
381.70343017578125,19.010258838534355,18.821138814663918,-0.18912002387043714
382.95343017578125,19.010258838534355,18.872915084600667,-0.13734375393368836
384.20343017578125,19.081788137555122,18.924691354537416,-0.1570967830177068
385.45343017578125,19.081788137555122,18.976467624474168,-0.10532051308095447
386.70343017578125,19.081788137555122,19.028243894410917,-0.053544243144205694
387.95343017578125,19.140729680657387,19.080020164347665,-0.06070951630972132
389.20343017578125,19.434433430433273,19.131796434284414,-0.3026369961488591
390.45343017578125,19.434433430433273,19.183572704221167,-0.25086072621210675
391.70343017578125,19.437694922089577,19.235348974157915,-0.20234594793166139
392.95343017578125,19.498128443956375,19.287125244094664,-0.211003199861711
394.20343017578125,19.498128443956375,19.338901514031416,-0.15922692992495868
395.45343017578125,19.55154910683632,19.390677783968165,-0.16087132286815375
396.70343017578125,19.55154910683632,19.442454053904914,-0.10909505293140498
397.95343017578125,19.55154910683632,19.494230323841666,-0.05731878299465265
399.20343017578125,19.55154910683632,19.546006593778415,-0.005542513057903875
400.45343017578125,20.01466415822506,19.619290592736256,-0.39537356548880354
401.70343017578125,20.01466415822506,19.6951525084709,-0.31951164975415836
402.95343017578125,20.069830119609833,19.77101442420555,-0.2988156954042829
404.20343017578125,20.069830119609833,19.8468763399402,-0.22295377966963414
405.45343017578125,20.069830119609833,19.922738255674844,-0.14709186393498896
406.70343017578125,20.115455612540245,19.998600171409493,-0.11685544113075252
407.95343017578125,20.115455612540245,20.074462087144138,-0.040993525396107344
409.20343017578125,20.440053194761276,20.150324002878786,-0.2897291918824898
410.45343017578125,20.440053194761276,20.22618591861343,-0.21386727614784462
411.70343017578125,20.49069106578827,20.30204783434808,-0.18864323144018869
412.95343017578125,20.49069106578827,20.377909750082726,-0.1127813157055435
414.20343017578125,20.531920716166496,20.453771665817374,-0.078149050349122
415.45343017578125,20.531920716166496,20.52963358155202,-0.0022871346144768268
416.70343017578125,20.531920716166496,20.605495497286668,0.0735747811201719
417.95343017578125,20.531920716166496,20.681357413021317,0.14943669685482064
419.20343017578125,20.531920716166496,20.757219328755962,0.22529861258946582
420.45343017578125,21.022001281380653,20.83308124449061,-0.18892003689004255
421.70343017578125,21.022001281380653,20.908943160225256,-0.11305812115539737
422.95343017578125,21.068787202239037,20.984805075959905,-0.08398212627913182
424.20343017578125,21.068787202239037,21.06066699169455,-0.008120210544486639
425.45343017578125,21.105805411934853,21.130711616343223,0.02490620440837077
426.70343017578125,21.105805411934853,21.200058980380543,0.09425356844569066
427.95343017578125,21.105805411934853,21.269406344417863,0.16360093248301055
429.20343017578125,21.447980776429176,21.338753708455183,-0.10922706797399329
430.45343017578125,21.46623469889164,21.408101072492503,-0.05813362639913677
431.70343017578125,21.491840481758118,21.47744843652982,-0.0143920452282984
432.95343017578125,21.491840481758118,21.54679580056714,0.05495531880902149
434.20343017578125,21.5255506336689,21.61614316460446,0.09059253093555952
435.45343017578125,21.5255506336689,21.68549052864178,0.15993989497287942
436.70343017578125,21.5255506336689,21.7548378926791,0.2292872590101993
437.95343017578125,21.5255506336689,21.824185256716415,0.29863462304751565
439.20343017578125,21.573785692453384,21.893532620753735,0.3197469283003507
440.45343017578125,22.02981896698475,21.962879984791055,-0.06693898219369387
441.70343017578125,22.069547325372696,22.032227348828375,-0.037319976544321065
442.95343017578125,22.069547325372696,22.101574712865695,0.03202738749299883
444.20343017578125,22.069547325372696,22.17092207690301,0.10137475153031517
445.45343017578125,22.09843322634697,22.24026944094033,0.14183621459336138
446.70343017578125,22.09843322634697,22.30961680497765,0.21118357863068127
447.95343017578125,22.455735132098198,22.37896416901497,-0.07677096308322717
449.20343017578125,22.455735132098198,22.44831153305229,-0.007423599045907281
450.45343017578125,22.492380812764168,22.502959136092286,0.0105783233281187
451.70343017578125,22.492380812764168,22.555844825521927,0.06346401275775904
452.95343017578125,22.518187761306763,22.60873051495157,0.09054275364480802
454.20343017578125,22.518187761306763,22.661616204381215,0.1434284430744519
455.45343017578125,22.518187761306763,22.71450189381086,0.1963141325040958
456.70343017578125,22.518187761306763,22.7673875832405,0.24919982193373613
457.95343017578125,22.552043199539185,22.820273272670143,0.26823007313095815
459.20343017578125,23.037521168589592,22.873158962099787,-0.16436220648980537
460.45343017578125,23.037521168589592,22.92604465152943,-0.11147651706016148
461.70343017578125,23.06988090276718,22.97893034095907,-0.09095056180811056
462.95343017578125,23.06988090276718,23.031816030388715,-0.038064872378466674
464.20343017578125,23.092100396752357,23.08470171981836,-0.007398676933998871
465.45343017578125,23.092100396752357,23.137587409248003,0.04548701249564502
466.70343017578125,23.092100396752357,23.190473098677643,0.09837270192528536
467.95343017578125,23.463640362024307,23.243358788107287,-0.22028157391702052
469.20343017578125,23.493463173508644,23.29624447753693,-0.1972186959717135
470.45343017578125,23.493463173508644,23.349130166966575,-0.1443330065420696
471.70343017578125,23.493463173508644,23.402015856396215,-0.09144731711242926
472.95343017578125,23.513447493314743,23.45490154582586,-0.05854594748888431
474.20343017578125,23.513447493314743,23.507787235255503,-0.0056602580592404195
475.45343017578125,23.513447493314743,23.583294017012282,0.06984652369753874
476.70343017578125,23.513447493314743,23.661512163291214,0.1480646699764705
477.95343017578125,23.538222536444664,23.739730309570145,0.2015077731254813
479.20343017578125,24.046029895544052,23.817948455849077,-0.22808143969497507
480.45343017578125,24.07320961356163,23.89616660212801,-0.17704301143362144
481.70343017578125,24.07320961356163,23.97438474840694,-0.09882486515468969
482.95343017578125,24.09067563712597,24.052602894685872,-0.03807274244009662
484.20343017578125,24.09067563712597,24.130821040964804,0.040145403838835136
485.45343017578125,24.09067563712597,24.209039187243736,0.11836355011776689
486.70343017578125,24.472396820783615,24.287257333522668,-0.18513948726094753
487.95343017578125,24.472396820783615,24.365475479801596,-0.10692134098201933
489.20343017578125,24.497736245393753,24.443693626080528,-0.054042619313225515
490.45343017578125,24.497736245393753,24.52191177235946,0.02417552696570624
491.70343017578125,24.51370656490326,24.60012991863839,0.08642335373513177
492.95343017578125,24.51370656490326,24.678348064917323,0.16464150001406352
494.20343017578125,24.51370656490326,24.756566211196255,0.24285964629299528
495.45343017578125,24.51370656490326,24.834784357475186,0.32107779257192703
496.70343017578125,24.532001465559006,24.913002503754118,0.38100103819511233
497.95343017578125,25.054870173335075,24.99122065003305,-0.06364952330202556
499.20343017578125,25.077810510993004,25.069438796311978,-0.008371714681025821
500.45343017578125,25.077810510993004,25.140894867545448,0.06308435655244438
501.70343017578125,25.077810510993004,25.211540436345647,0.13372992535264316
502.95343017578125,25.092214345932007,25.282186005145842,0.1899716592138354
504.20343017578125,25.092214345932007,25.35283157394604,0.2606172280140342
505.45343017578125,25.481317192316055,25.42347714274624,-0.05784004956981548
506.70343017578125,25.481317192316055,25.494122711546435,0.012805519230379758
507.95343017578125,25.50261653959751,25.564768280346634,0.06215174074912255
509.20343017578125,25.50261653959751,25.635413849146833,0.13279730954932134
510.45343017578125,25.516057386994362,25.706059417947028,0.190002030952666
511.70343017578125,25.516057386994362,25.776704986747227,0.2606475997528648
512.9534301757812,25.516057386994362,25.847350555547422,0.33129316855306
514.2034301757812,25.516057386994362,25.91799612434762,0.4019387373532588
515.4534301757812,25.531481951475143,25.98864169314782,0.45715974167267603
516.7034301757812,26.063913479447365,26.059287261948015,-0.004626217499350105
517.9534301757812,26.067815721035004,26.129932830748213,0.06211710971320983
519.2034301757812,26.08313597738743,26.200578399548412,0.117442422160984
520.4534301757812,26.08313597738743,26.271223968348608,0.18808799096117923
521.7034301757812,26.095518842339516,26.341869537148806,0.24635069480929062
522.9534301757812,26.095518842339516,26.412515105949005,0.3169962636094894
524.2034301757812,26.095518842339516,26.4831606747492,0.38764183240968464
525.4534301757812,26.490721851587296,26.537171196489982,0.04644934490268682
526.7034301757812,26.50928683578968,26.58918784119914,0.07990100540946088
527.9534301757812,26.50928683578968,26.641204485908304,0.13191765011862344
529.2034301757812,26.520922780036926,26.693221130617463,0.17229835058053666
530.4534301757812,26.520922780036926,26.745237775326625,0.22431499528969923
531.7034301757812,26.520922780036926,26.797254420035785,0.27633163999885824
532.9534301757812,26.520922780036926,26.849271064744947,0.3283482847080208
534.2034301757812,26.53413824737072,26.90128770945411,0.3671494620833897
535.4534301757812,27.0741805434227,26.95330435416327,-0.12087618925943033
536.7034301757812,27.0741805434227,27.00532099887243,-0.06885954455026777
537.9534301757812,27.093030512332916,27.05733764358159,-0.035692868751326046
539.2034301757812,27.093030512332916,27.109354288290753,0.016323775957836517
540.4534301757812,27.10367925465107,27.161370932999912,0.057691678348842146
541.7034301757812,27.10367925465107,27.213387577709074,0.10970832305800471
542.9534301757812,27.10367925465107,27.265404222418233,0.16172496776716372
544.2034301757812,27.501318603754044,27.317420867127396,-0.18389773662664766
545.4534301757812,27.52043306827545,27.369437511836555,-0.15099555643889673
546.7034301757812,27.52043306827545,27.421454156545717,-0.09897891172973416
547.9534301757812,27.531053870916367,27.47347080125488,-0.05758306966148652
549.2034301757812,27.531053870916367,27.52548744596404,-0.005566424952327509
550.4534301757812,27.531053870916367,27.60189505884857,0.07084118793220284
551.7034301757812,27.531053870916367,27.681226173605385,0.15017230268901827
552.9534301757812,27.540968731045723,27.760557288362204,0.21958855731648086
554.2034301757812,28.084831312298775,27.83988840311902,-0.24494290917975547
555.4534301757812,28.084831312298775,27.919219517875838,-0.1656117944229365
556.7034301757812,28.104372322559357,27.998550632632654,-0.10582168992670304
557.9534301757812,28.104372322559357,28.077881747389473,-0.026490575169884067
559.2034301757812,28.115911409258842,28.157212862146288,0.04130145288744558
560.4534301757812,28.115911409258842,28.236543976903107,0.12063256764426455
561.7034301757812,28.115911409258842,28.315875091659922,0.19996368240107998
562.9534301757812,28.512129560112953,28.39520620641674,-0.11692335369621176
564.2034301757812,28.532352298498154,28.474537321173557,-0.05781497732459684
565.4534301757812,28.532352298498154,28.553868435930376,0.021516137432222138
566.7034301757812,28.544330969452858,28.63319955068719,0.08886858123433328
567.9534301757812,28.544330969452858,28.71253066544401,0.16819969599115225
569.2034301757812,28.544330969452858,28.791861780200826,0.24753081074796768
570.4534301757812,28.544330969452858,28.871192894957645,0.32686192550478665
571.7034301757812,28.556842356920242,28.95052400971446,0.39368165279421774
572.9534301757812,29.09601293504238,29.02985512447128,-0.06615781057110226
574.2034301757812,29.09601293504238,29.109186239228094,0.013173304185713164
575.4534301757812,29.117677360773087,29.180910227281636,0.06323286650854953
576.7034301757812,29.117677360773087,29.251722424995418,0.13404506422233098
577.9534301757812,29.129941016435623,29.322534622709195,0.19259360627357225
579.2034301757812,29.129941016435623,29.393346820422977,0.2634058039873537
580.4534301757812,29.129941016435623,29.464159018136755,0.3342180017011316
581.3909301757812,29.523326084017754,29.517268166422088,-0.00605791759566543
582.6409301757812,29.523326084017754,29.58808036413587,0.06475428011811601
583.8909301757812,29.54573556780815,29.658892561849648,0.11315699404149626
585.1409301757812,29.54573556780815,29.729704759563425,0.18396919175527415
586.3909301757812,29.558569192886353,29.800516957277207,0.2419477643908543
587.6409301757812,29.558569192886353,29.871329154990985,0.3127599621046322
588.8909301757812,29.558569192886353,29.942141352704766,0.38357215981841364
590.1409301757812,29.558569192886353,30.012953550418544,0.45438435753219153
591.3909301757812,30.093396082520485,30.083765748132322,-0.009630334388162964
592.6409301757812,30.106890946626663,30.154577945846103,0.047686999219440196
593.8909301757812,30.12988530099392,30.22539014355988,0.09550484256596192
595.1409301757812,30.12988530099392,30.296202341273663,0.16631704027974337
596.3909301757812,30.143989250063896,30.36701453898744,0.22302528892354445
597.6409301757812,30.143989250063896,30.43782673670122,0.29383748663732234
598.8909301757812,30.143989250063896,30.508638934415,0.3646496843511038
600.1409301757812,30.533920973539352,30.567426604072853,0.03350563053350086
601.3909301757812,30.533920973539352,30.619537227167456,0.08561625362810332
602.6409301757812,30.556872487068176,30.671647850262058,0.11477536319388193
603.8909301757812,30.556872487068176,30.723758473356657,0.16688598628848084
605.1409301757812,30.5708646774292,30.77586909645126,0.20500441902206035
606.3909301757812,30.5708646774292,30.82797971954586,0.25711504211665925
607.6409301757812,30.5708646774292,30.88009034264046,0.3092256652112617
608.8909301757812,30.5708646774292,30.932200965735063,0.3613362883058642
610.1409301757812,31.101446598768234,30.984311588829662,-0.11713500993857195
611.3909301757812,31.117022037506104,31.036422211924265,-0.08059982558183876
612.6409301757812,31.139269471168518,31.088532835018867,-0.05073663614965085
613.8909301757812,31.139269471168518,31.140643458113466,0.001373986944948058
615.1409301757812,31.15168958902359,31.19275408120807,0.041064492184478496
616.3909301757812,31.15168958902359,31.24486470430267,0.09317511527908096
617.6409301757812,31.15168958902359,31.29697532739727,0.14528573837367986
618.8909301757812,31.543705612421036,31.349085950491872,-0.19461966192916336
620.1409301757812,31.564965844154358,31.401196573586475,-0.16376927056788304
621.3909301757812,31.564965844154358,31.453307196681074,-0.11165864747328413
622.6409301757812,31.576134264469147,31.505417819775676,-0.07071644469347049
623.8909301757812,31.576134264469147,31.55752844287028,-0.018605821598868033
625.1409301757812,31.576134264469147,31.62667992450579,0.050545660036643625
626.3909301757812,31.576134264469147,31.705293948490265,0.12915968402111844
627.6409301757812,31.585387885570526,31.78390797247474,0.19852008690421385
628.8909301757812,32.126329839229584,31.862521996459215,-0.26380784277036895
630.1409301757812,32.126329839229584,31.94113602044369,-0.18519381878589414
631.3909301757812,32.14559704065323,32.019750044428164,-0.12584699622506434
632.6409301757812,32.14559704065323,32.09836406841264,-0.04723297224058598
633.8909301757812,32.15492144227028,32.176978092397114,0.02205665012683511
635.1409301757812,32.15492144227028,32.25559211638159,0.10067067411131347
636.3909301757812,32.15492144227028,32.33420614036607,0.17928469809579184
637.6409301757812,32.55263343453407,32.41282016435054,-0.13981327018353085
638.8909301757812,32.56988152861595,32.49143418833502,-0.07844734028093114
640.1409301757812,32.56988152861595,32.57004821231949,0.00016668370354011586
641.3909301757812,32.582543790340424,32.64866223630397,0.06611844596354643
642.6409301757812,32.582543790340424,32.72727626028844,0.1447324699480177
643.8909301757812,32.582543790340424,32.80589028427292,0.22334649393249606
645.1409301757812,32.582543790340424,32.8845043082574,0.3019605179169744
646.3909301757812,32.582543790340424,32.96311833224187,0.3805745419014457
647.6409301757812,33.13469514250755,33.04173235622635,-0.09296278628120547
648.8909301757812,33.13469514250755,33.12034638021082,-0.014348762296734208
650.1409301757812,33.14841538667679,33.193895696529644,0.04548030985285578
651.3909301757812,33.14841538667679,33.264632653913836,0.1162172672370474
652.6409301757812,33.172037452459335,33.33536961129803,0.163332158838692
653.5784301757812,33.172037452459335,33.388422329336166,0.2163848768768304
654.6409301757812,33.172037452459335,33.44854874311273,0.27651129065339575
655.7034301757812,33.55986997485161,33.50867515688929,-0.05119481796231895
656.9534301757812,33.56847167015076,33.57941211427348,0.010940444122724102
658.2034301757812,33.56847167015076,33.65014907165767,0.08167740150691571
659.4534301757812,33.56847167015076,33.720886029041864,0.15241435889110733
660.7034301757812,33.58879312872887,33.79162298642605,0.2028298576971821
661.9534301757812,33.58879312872887,33.86235994381024,0.2735668150813737
663.2034301757812,33.58879312872887,33.93309690119443,0.3443037724655653
664.4534301757812,33.58879312872887,34.00383385857862,0.41504072984975693
665.7034301757812,34.121885895729065,34.074570815962815,-0.047315079766249823
666.9534301757812,34.13940221071243,34.145307773347,0.005905562634566763
668.2034301757812,34.13940221071243,34.21604473073119,0.07664252001875838
669.4534301757812,34.13940221071243,34.28678168811538,0.14737947740295
670.7034301757812,34.13940221071243,34.357518645499574,0.2181164347871416
671.9534301757812,34.13940221071243,34.428255602883766,0.2888533921713332
673.2034301757812,34.140635281801224,34.49899256026795,0.3583572784667268
674.4534301757812,34.563153982162476,34.56781539735853,0.0046614151960540084
675.7034301757812,34.563153982162476,34.61796349780303,0.05480951564055658
676.9534301757812,34.563153982162476,34.66811159824753,0.10495761608505205
678.2034301757812,34.563153982162476,34.71825969869203,0.15510571652955463
679.4534301757812,34.563153982162476,34.768407799136526,0.2052538169740501
680.7034301757812,34.563153982162476,34.81855589958103,0.25540191741855267
681.9534301757812,34.563153982162476,34.868704000025524,0.30555001786304814
683.2034301757812,34.563153982162476,34.91885210047002,0.3556981183075436
684.4534301757812,35.14133766293526,34.96900020091452,-0.1723374620207352
685.7034301757812,35.14133766293526,35.01914830135902,-0.12218936157623972
686.9534301757812,35.14133766293526,35.06929640180352,-0.07204126113173714
688.2034301757812,35.14133766293526,35.119444502248015,-0.021893160687241675
689.4534301757812,35.14133766293526,35.16959260269252,0.0282549397572609
690.7034301757812,35.14133766293526,35.21974070313701,0.07840304020175637
691.9534301757812,35.14133766293526,35.269888803581516,0.12855114064625894
693.2034301757812,35.56611388921738,35.32003690402601,-0.24607698519136534
694.4534301757812,35.56611388921738,35.370185004470514,-0.19592888474686276
695.7034301757812,35.56611388921738,35.42033310491501,-0.1457807843023673
696.9534301757812,35.56611388921738,35.470481205359505,-0.09563268385787183
698.2034301757812,35.56611388921738,35.52062930580401,-0.04548458341336925
699.4534301757812,35.56611388921738,35.57352787438862,0.007413985171240256
700.7034301757812,35.56611388921738,35.653260842222565,0.08714695300518827
701.9534301757812,35.56611388921738,35.73299381005651,0.16687992083913628
703.2034301757812,36.14843264222145,35.81272677789046,-0.3357058643309898
704.4534301757812,36.14843264222145,35.8924597457244,-0.2559728964970489
705.7034301757812,36.14843264222145,35.97219271355835,-0.1762399286631009
706.9534301757812,36.14843264222145,36.0519256813923,-0.09650696082915289
708.2034301757812,36.14843264222145,36.131658649226246,-0.01677399299520488
709.4534301757812,36.14843264222145,36.211391617060194,0.06295897483874313
710.7034301757812,36.57566010951996,36.291124584894135,-0.28453552462582365
711.9534301757812,36.57566010951996,36.37085755272808,-0.20480255679187565
713.2034301757812,36.57566010951996,36.45059052056203,-0.12506958895792764
714.4534301757812,36.57566010951996,36.53032348839598,-0.045336621123979626
715.7034301757812,36.57566010951996,36.61005645622993,0.034396346709968384
716.9534301757812,36.57566010951996,36.68978942406387,0.11412931454390929
718.2034301757812,36.57566010951996,36.769522391897816,0.1938622823778573
719.4534301757812,36.57566010951996,36.849255359731764,0.2735952502118053
720.7034301757812,36.57566010951996,36.92898832756571,0.3533282180457533
721.9534301757812,37.16077283024788,37.00872129539966,-0.1520515348482192
723.2034301757812,37.16077283024788,37.0884542632336,-0.0723185670142783
724.4534301757812,37.16077283024788,37.16746856618891,0.006695735941029568
725.7034301757812,37.16077283024788,37.23947135717698,0.07869852692910229
726.9534301757812,37.16077283024788,37.311474148165054,0.150701317917175
728.2034301757812,37.16077283024788,37.38347693915312,0.22270410890524062
729.4534301757812,37.58862242102623,37.45547973014119,-0.1331426908850375
730.7034301757812,37.58862242102623,37.527482521129265,-0.06113989989696478
731.9534301757812,37.58862242102623,37.59948531211734,0.01086289109110794
733.2034301757812,37.58862242102623,37.6714881031054,0.08286568207917355
734.4534301757812,37.58862242102623,37.743490894093476,0.15486847306724627
735.7034301757812,37.58862242102623,37.81549368508155,0.226871264055319
736.9534301757812,37.58862242102623,37.88749647606962,0.2988740550433917
738.2034301757812,37.58862242102623,37.95949926705769,0.3708768460314573
739.4534301757812,37.58862242102623,38.03150205804576,0.44287963701953004
740.7034301757812,38.17327693104744,38.10350484903383,-0.06977208201360696
741.9534301757812,38.17327693104744,38.175507640021905,0.002230708974465756
743.2034301757812,38.17327693104744,38.24751043100997,0.07423349996253137
744.4534301757812,38.17327693104744,38.319513221998044,0.1462362909506041
745.7034301757812,38.17327693104744,38.391516012986116,0.2182390819386768
746.9534301757812,38.17327693104744,38.46351880397419,0.2902418729267495
748.2034301757812,38.60082849860191,38.535521594962255,-0.06530690363965874
749.4534301757812,38.60082849860191,38.60552917420818,0.004700675606265747
750.7034301757812,38.60082849860191,38.656070864104194,0.05524236550228068
751.9534301757812,38.60082849860191,38.706612554000216,0.10578405539830271
753.2034301757812,38.60082849860191,38.75715424389623,0.15632574529431764
754.4534301757812,38.60082849860191,38.807695933792246,0.20686743519033257
755.7034301757812,38.60082849860191,38.85823762368827,0.2574091250863546
756.9534301757812,38.60082849860191,38.90877931358428,0.30795081498236954
758.2034301757812,38.60082849860191,38.959321003480305,0.35849250487839157
759.4534301757812,39.18427601456642,39.00986269337632,-0.17441332119010156
760.7034301757812,39.18427601456642,39.06040438327234,-0.12387163129407952
761.9534301757812,39.18427601456642,39.11094607316836,-0.07332994139806459
763.2034301757812,39.18427601456642,39.16148776306438,-0.022788251502042556
764.4534301757812,39.18427601456642,39.212029452960394,0.027753438393972374
765.7034301757812,39.18427601456642,39.26257114285641,0.0782951282899873
766.9534301757812,39.61166366934776,39.31311283275243,-0.2985508365953322
768.2034301757812,39.61166366934776,39.363654522648446,-0.24800914669931728
769.4534301757812,39.61166366934776,39.41419621254447,-0.19746745680329525
770.7034301757812,39.61166366934776,39.46473790244048,-0.14692576690728032
771.9534301757812,39.61166366934776,39.515279592336505,-0.09638407701125828
773.2034301757812,39.61166366934776,39.56582128223252,-0.045842387115243355
774.4534301757812,39.61166366934776,39.61908582658562,0.007422157237854776
775.7034301757812,39.61166366934776,39.698915362742675,0.08725169339491146
776.9534301757812,40.19585996866226,39.77874489889973,-0.41711506976253077
778.2034301757812,40.19585996866226,39.85857443505679,-0.3372855336054741
779.4534301757812,40.19585996866226,39.938403971213845,-0.2574559974484174
780.7034301757812,40.19585996866226,40.0182335073709,-0.17762646129136073
781.9534301757812,40.19585996866226,40.09806304352796,-0.09779692513430405
783.2034301757812,40.19585996866226,40.177892579685015,-0.017967388977247367
784.4534301757812,40.19585996866226,40.25772211584207,0.06186214717980931
785.7034301757812,40.62366485595703,40.33755165199913,-0.2861132039579033
786.9534301757812,40.62366485595703,40.417381188156185,-0.20628366780084662
788.2034301757812,40.62366485595703,40.49721072431324,-0.12645413164378994
789.4534301757812,40.62366485595703,40.5770402604703,-0.046624595486733256
790.7034301757812,40.62366485595703,40.656869796627355,0.033204940670323424
791.9534301757812,40.62366485595703,40.73669933278441,0.1130344768273801
793.2034301757812,40.62366485595703,40.81652886894147,0.19286401298443678
794.4534301757812,40.62366485595703,40.896358405098525,0.27269354914149346
795.7034301757812,41.20825603604317,40.97618794125558,-0.23206809478758572
796.9534301757812,41.20825603604317,41.05601747741264,-0.15223855863052904
798.2034301757812,41.20825603604317,41.135847013569695,-0.07240902247347236
799.4534301757812,41.20825603604317,41.214948850880695,0.00669281483752826
800.7034301757812,41.20825603604317,41.28695103810538,0.07869500206221147
801.9534301757812,41.20825603604317,41.35895322533006,0.15069718928689468
803.2034301757812,41.20825603604317,41.430955412554745,0.2226993765115779
804.4534301757812,41.636183857917786,41.50295759977943,-0.13322625813835742
805.7034301757812,41.636183857917786,41.57495978700411,-0.06122407091367421
806.9534301757812,41.636183857917786,41.646961974228795,0.010778116311009
808.2034301757812,41.636183857917786,41.71896416145348,0.08278030353569221
809.4534301757812,41.636183857917786,41.79096634867816,0.15478249076037542
810.7034301757812,41.636183857917786,41.862968535902844,0.22678467798505864
811.9534301757812,41.636183857917786,41.93497072312753,0.29878686520974185
813.2034301757812,41.636183857917786,42.00697291035221,0.37078905243442506
814.4534301757812,42.22070798277855,42.078975097576894,-0.14173288520165528
815.7034301757812,42.22070798277855,42.15097728480158,-0.06973069797697207
816.9534301757812,42.22070798277855,42.22297947202626,0.002271489247711145
818.2034301757812,42.22070798277855,42.29498165925094,0.07427367647239436
819.4534301757812,42.22070798277855,42.36698384647563,0.14627586369707757
820.7034301757812,42.22070798277855,42.43898603370031,0.21827805092176078
821.9534301757812,42.22070798277855,42.51098822092499,0.290280238146444
823.2034301757812,42.64829680323601,42.582990408149676,-0.06530639508633129
824.4534301757812,42.64829680323601,42.65299799956732,0.004701196331311053
825.7034301757812,42.64829680323601,42.70354571088432,0.055248907648312695
826.9534301757812,42.64829680323601,42.75409342220132,0.10579661896531434
828.2034301757812,42.64829680323601,42.80464113351832,0.15634433028230887
829.4534301757812,42.64829680323601,42.85518884483532,0.20689204159931052
830.7034301757812,42.64829680323601,42.90573655615232,0.25743975291631216
831.9534301757812,42.64829680323601,42.95628426746932,0.3079874642333138
833.2034301757812,43.23197901248932,43.006831978786316,-0.22514703370300282
834.4534301757812,43.23197901248932,43.05737969010332,-0.17459932238600118
835.7034301757812,43.23197901248932,43.10792740142032,-0.12405161106899953
836.9534301757812,43.23197901248932,43.15847511273732,-0.07350389975199789
838.2034301757812,43.23197901248932,43.209022824054315,-0.022956188435003355
839.4534301757812,43.23197901248932,43.25957053537132,0.027591522881998287
840.7034301757812,43.23197901248932,43.31011824668832,0.07813923419899993
841.9534301757812,43.65925118327141,43.36066595800532,-0.29858522526608766
843.2034301757812,43.65925118327141,43.411213669322315,-0.24803751394909312
844.4534301757812,43.65925118327141,43.46176138063932,-0.19748980263209148
845.7034301757812,43.65925118327141,43.51230909195632,-0.14694209131508984
846.9534301757812,43.65925118327141,43.56285680327332,-0.0963943799980882
848.2034301757812,43.65925118327141,43.613404514590314,-0.04584666868109366
849.4534301757812,43.65925118327141,43.666667134507634,0.007415951236225737
850.7034301757812,43.65925118327141,43.74641722404654,0.08716604077513068
851.9534301757812,44.24291104078293,43.82616731358545,-0.41674372719747765
853.2034301757812,44.24291104078293,43.905917403124356,-0.3369936376585727
854.4534301757812,44.24291104078293,43.98566749266326,-0.25724354811966776
855.7034301757812,44.24291104078293,44.065417582202166,-0.17749345858076282
856.9534301757812,44.24291104078293,44.14516767174108,-0.09774336904185077
858.2034301757812,44.24291104078293,44.22491776127998,-0.017993279502945825
859.4534301757812,44.24291104078293,44.30466785081889,0.06175681003595912
860.7034301757812,44.67029497027397,44.38441794035779,-0.285877029916179
861.9534301757812,44.67029497027397,44.464168029896705,-0.20612694037726698
863.2034301757812,44.67029497027397,44.54391811943561,-0.12637685083836203
864.4534301757812,44.67029497027397,44.623668208974514,-0.04662676129945709
865.7034301757812,44.67029497027397,44.70341829851342,0.03312332823944786
866.9534301757812,44.67029497027397,44.78316838805233,0.11287341777835991
868.2034301757812,44.67029497027397,44.862918477591236,0.19262350731726485
869.4534301757812,44.67029497027397,44.94266856713014,0.2723735968561698
870.7034301757812,45.25425285100937,45.022418656669046,-0.2318341943403226
871.9534301757812,45.25425285100937,45.10216874620796,-0.15208410480141055
873.2034301757812,45.25425285100937,45.18191883574686,-0.0723340152625056
874.4534301757812,45.25425285100937,45.26070002873746,0.006447177728091447
875.7034301757812,45.25425285100937,45.330028373891196,0.07577552288182687
876.9534301757812,45.25425285100937,45.39935671904493,0.1451038680355623
878.2034301757812,45.25425285100937,45.468685064198674,0.21443221318930483
879.4534301757812,45.671988278627396,45.53801340935241,-0.13397486927498647
880.7034301757812,45.67233845591545,45.607341754506145,-0.06499670140930647
881.9534301757812,45.67233845591545,45.67667009965988,0.004331643744428959
883.2034301757812,45.67250236868858,45.745998444813615,0.07349607612503206
884.4534301757812,45.67250236868858,45.81532678996736,0.1428244212787746
885.7034301757812,45.67250236868858,45.88465513512109,0.21215276643251002
886.9534301757812,45.67250236868858,45.95398348027483,0.28148111158624545
888.2034301757812,45.67260295152664,46.023311825428564,0.3507088739019224
889.4534301757812,46.2292917072773,46.0926401705823,-0.1366515366949983
890.7034301757812,46.23059928417206,46.16196851573604,-0.0686307684360159
891.9534301757812,46.23059928417206,46.23129686088978,0.000697576717719528
893.2034301757812,46.2312176823616,46.30062520604351,0.06940752368191028
894.4534301757812,46.2312176823616,46.36995355119725,0.1387358688356457
895.7034301757812,46.2312176823616,46.439281896350984,0.20806421398938113
896.9534301757812,46.63750156760216,46.508610241504726,-0.12889132609743115
898.2034301757812,46.63963243365288,46.57793858665846,-0.061693846994415935
899.4534301757812,46.63963243365288,46.640821562223685,0.0011891285708074406
900.7034301757812,46.64082080125809,46.640821562223685,7.609655980900243e-07
901.9534301757812,46.64082080125809,46.640821562223685,7.609655980900243e-07
903.0,46.64082080125809,46.640821562223685,7.609655980900243e-07
