time_s,pit_depth_um,pit_depth_mm,step,frame
0.0,0.0,0.0,Step-1,0
1.0,0.0,0.0,Step-1,1
1.0,0.0,0.0,Step-2,0
2.0,0.0,0.0,Step-2,1
2.0,0.0,0.0,Step-3,0
2.0010000000474975,0.0,0.0,Step-3,1
2.0012499999720603,0.0,0.0,Step-3,2
2.0015000000130385,0.0,0.0,Step-3,3
2.002000000094995,0.0,0.0,Step-3,4
2.002749999985099,0.0,0.0,Step-3,5
2.00387499993667,0.0,0.0,Step-3,6
2.0061249998398125,0.0,0.0,Step-3,7
2.009499999694526,0.0,0.0,Step-3,8
2.0162499994039536,0.0,0.0,Step-3,9
2.0297500006854534,0.0,0.0,Step-3,10
2.056749999523163,0.0,0.0,Step-3,11
2.1107499971985817,0.0,0.0,Step-3,12
2.21875,0.0,0.0,Step-3,13
2.4347499907016754,0.0,0.0,Step-3,14
2.8667500019073486,0.0,0.0,Step-3,15
3.0,0.0,0.0,Step-3,16
3.0,0.0,0.0,Step-4,0
3.0067500001750886,0.0,0.0,Step-4,1
3.0272812508046627,0.0,0.0,Step-4,2
3.1774951219558716,0.21054598619230092,0.00021054598619230092,Step-4,3
3.5523178577423096,0.21054598619230092,0.00021054598619230092,Step-4,4
4.515922784805298,0.21054598619230092,0.00021054598619230092,Step-4,5
5.765922784805298,0.7980921072885394,0.0007980921072885394,Step-4,6
7.015922546386719,0.7980921072885394,0.0007980921072885394,Step-4,7
8.265922546386719,0.7980921072885394,0.0007980921072885394,Step-4,8
9.515922546386719,1.209302106872201,0.001209302106872201,Step-4,9
10.765922546386719,1.2323425617069006,0.0012323425617069006,Step-4,10
12.015922546386719,1.2553572887554765,0.0012553572887554765,Step-4,11
13.265922546386719,1.2553572887554765,0.0012553572887554765,Step-4,12
14.515922546386719,1.2553572887554765,0.0012553572887554765,Step-4,13
15.765922546386719,1.381883048452437,0.001381883048452437,Step-4,14
17.01592254638672,1.381883048452437,0.001381883048452437,Step-4,15
18.26592254638672,1.7945405561476946,0.0017945405561476946,Step-4,16
19.51592254638672,1.8311800668016076,0.0018311800668016076,Step-4,17
20.76592254638672,1.8311800668016076,0.0018311800668016076,Step-4,18
22.01592254638672,1.8964743940159678,0.0018964743940159678,Step-4,19
23.26592254638672,1.8964743940159678,0.0018964743940159678,Step-4,20
24.51592254638672,1.8964743940159678,0.0018964743940159678,Step-4,21
25.76592254638672,1.8964743940159678,0.0018964743940159678,Step-4,22
27.01592254638672,2.2218727972358465,0.0022218727972358465,Step-4,23
28.26592254638672,2.264055423438549,0.002264055423438549,Step-4,24
29.51592254638672,2.264055423438549,0.002264055423438549,Step-4,25
30.76592254638672,2.345301676541567,0.002345301676541567,Step-4,26
32.01592254638672,2.345301676541567,0.002345301676541567,Step-4,27
33.26592254638672,2.345301676541567,0.002345301676541567,Step-4,28
34.51592254638672,2.345301676541567,0.002345301676541567,Step-4,29
35.76592254638672,2.433608751744032,0.002433608751744032,Step-4,30
37.01592254638672,2.433608751744032,0.002433608751744032,Step-4,31
38.26592254638672,2.433608751744032,0.002433608751744032,Step-4,32
39.51592254638672,2.8041491750627756,0.0028041491750627756,Step-4,33
40.76592254638672,2.8478712774813175,0.0028478712774813175,Step-4,34
42.01592254638672,2.8478712774813175,0.0028478712774813175,Step-4,35
43.26592254638672,2.8478712774813175,0.0028478712774813175,Step-4,36
44.51592254638672,2.9303892515599728,0.0029303892515599728,Step-4,37
45.76592254638672,2.9303892515599728,0.0029303892515599728,Step-4,38
47.01592254638672,2.9303892515599728,0.0029303892515599728,Step-4,39
48.26592254638672,3.005099482834339,0.003005099482834339,Step-4,40
49.51592254638672,3.230553353205323,0.0032305533532053232,Step-4,41
50.76592254638672,3.274403279647231,0.003274403279647231,Step-4,42
52.01592254638672,3.274403279647231,0.003274403279647231,Step-4,43
53.26592254638672,3.274403279647231,0.003274403279647231,Step-4,44
54.51592254638672,3.355494001880288,0.003355494001880288,Step-4,45
55.76592254638672,3.355494001880288,0.003355494001880288,Step-4,46
57.01592254638672,3.355494001880288,0.003355494001880288,Step-4,47
58.26592254638672,3.421701490879059,0.003421701490879059,Step-4,48
59.51592254638672,3.421701490879059,0.003421701490879059,Step-4,49
60.76592254638672,3.421701490879059,0.003421701490879059,Step-4,50
62.01592254638672,3.421701490879059,0.003421701490879059,Step-4,51
63.26592254638672,3.8558728992938995,0.0038558728992938995,Step-4,52
64.51592254638672,3.8558728992938995,0.0038558728992938995,Step-4,53
65.76592254638672,3.8558728992938995,0.0038558728992938995,Step-4,54
67.01592254638672,3.9318078197538853,0.003931807819753885,Step-4,55
68.26592254638672,3.9318078197538853,0.003931807819753885,Step-4,56
69.51592254638672,3.9318078197538853,0.003931807819753885,Step-4,57
70.76592254638672,3.9883828721940517,0.003988382872194052,Step-4,58
72.01592254638672,4.240219946950674,0.004240219946950674,Step-4,59
73.26592254638672,4.281322006136179,0.004281322006136179,Step-4,60
74.51592254638672,4.281322006136179,0.004281322006136179,Step-4,61
75.76592254638672,4.281322006136179,0.004281322006136179,Step-4,62
77.01592254638672,4.352911841124296,0.004352911841124296,Step-4,63
78.26592254638672,4.352911841124296,0.004352911841124296,Step-4,64
79.51592254638672,4.403416998684406,0.004403416998684406,Step-4,65
80.76592254638672,4.403416998684406,0.004403416998684406,Step-4,66
82.01592254638672,4.403416998684406,0.004403416998684406,Step-4,67
83.26592254638672,4.403416998684406,0.004403416998684406,Step-4,68
84.51592254638672,4.824192728847265,0.004824192728847265,Step-4,69
85.76592254638672,4.86221956089139,0.00486221956089139,Step-4,70
87.01592254638672,4.86221956089139,0.00486221956089139,Step-4,71
88.26592254638672,4.927091766148806,0.004927091766148806,Step-4,72
89.51592254638672,4.927091766148806,0.004927091766148806,Step-4,73
90.76592254638672,4.927091766148806,0.004927091766148806,Step-4,74
92.01592254638672,4.970645997673273,0.004970645997673273,Step-4,75
93.26592254638672,4.970645997673273,0.004970645997673273,Step-4,76
94.51592254638672,5.251771304756403,0.005251771304756403,Step-4,77
95.76592254638672,5.287847016006708,0.005287847016006708,Step-4,78
97.01592254638672,5.287847016006708,0.005287847016006708,Step-4,79
98.26592254638672,5.348839331418276,0.005348839331418276,Step-4,80
99.51592254638672,5.348839331418276,0.005348839331418276,Step-4,81
100.76592254638672,5.348839331418276,0.005348839331418276,Step-4,82
102.01592254638672,5.388698540627956,0.005388698540627956,Step-4,83
103.26592254638672,5.388698540627956,0.005388698540627956,Step-4,84
104.51592254638672,5.388698540627956,0.005388698540627956,Step-4,85
105.76592254638672,5.388698540627956,0.005388698540627956,Step-4,86
107.01592254638672,5.835955496877432,0.005835955496877432,Step-4,87
108.26592254638672,5.869780667126179,0.005869780667126179,Step-4,88
109.51592254638672,5.869780667126179,0.005869780667126179,Step-4,89
110.76592254638672,5.926893092691898,0.005926893092691898,Step-4,90
111.70342254638672,5.926893092691898,0.005926893092691898,Step-4,91
112.95342254638672,5.926893092691898,0.005926893092691898,Step-4,92
114.20342254638672,5.963609088212252,0.005963609088212252,Step-4,93
115.45342254638672,5.963609088212252,0.005963609088212252,Step-4,94
116.70342254638672,6.29596970975399,0.00629596970975399,Step-4,95
117.95342254638672,6.29596970975399,0.00629596970975399,Step-4,96
119.20342254638672,6.29596970975399,0.00629596970975399,Step-4,97
120.45342254638672,6.3507407903671265,0.0063507407903671265,Step-4,98
121.70342254638672,6.3507407903671265,0.0063507407903671265,Step-4,99
122.95342254638672,6.386104039847851,0.006386104039847851,Step-4,100
124.20342254638672,6.386104039847851,0.006386104039847851,Step-4,101
125.45342254638672,6.386104039847851,0.006386104039847851,Step-4,102
126.70342254638672,6.386104039847851,0.006386104039847851,Step-4,103
127.95342254638672,6.386104039847851,0.006386104039847851,Step-4,104
129.20342254638672,6.878404878079891,0.006878404878079891,Step-4,105
130.45342254638672,6.878404878079891,0.006878404878079891,Step-4,106
131.70343017578125,6.930655334144831,0.006930655334144831,Step-4,107
132.95343017578125,6.930655334144831,0.006930655334144831,Step-4,108
134.20343017578125,6.930655334144831,0.006930655334144831,Step-4,109
135.45343017578125,6.965467240661383,0.006965467240661383,Step-4,110
136.70343017578125,6.965467240661383,0.006965467240661383,Step-4,111
137.95343017578125,7.275391835719347,0.007275391835719347,Step-4,112
139.20343017578125,7.305691950023174,0.007305691950023174,Step-4,113
140.45343017578125,7.305691950023174,0.007305691950023174,Step-4,114
141.70343017578125,7.358594331890345,0.007358594331890345,Step-4,115
142.95343017578125,7.358594331890345,0.007358594331890345,Step-4,116
144.20343017578125,7.358594331890345,0.007358594331890345,Step-4,117
145.45343017578125,7.393851410597563,0.007393851410597563,Step-4,118
146.70343017578125,7.393851410597563,0.007393851410597563,Step-4,119
147.95343017578125,7.393851410597563,0.007393851410597563,Step-4,120
149.20343017578125,7.393851410597563,0.007393851410597563,Step-4,121
150.45343017578125,7.8591350466012955,0.007859135046601295,Step-4,122
151.70343017578125,7.890623062849045,0.007890623062849045,Step-4,123
152.95343017578125,7.890623062849045,0.007890623062849045,Step-4,124
154.20343017578125,7.947834208607674,0.007947834208607674,Step-4,125
155.45343017578125,7.947834208607674,0.007947834208607674,Step-4,126
156.70343017578125,7.947834208607674,0.007947834208607674,Step-4,127
157.95343017578125,7.984859868884087,0.007984859868884087,Step-4,128
159.20343017578125,8.286709897220135,0.008286709897220135,Step-4,129
160.45343017578125,8.320014923810959,0.008320014923810959,Step-4,130
161.70343017578125,8.320014923810959,0.008320014923810959,Step-4,131
162.95343017578125,8.320014923810959,0.008320014923810959,Step-4,132
164.20343017578125,8.383643813431263,0.008383643813431263,Step-4,133
165.45343017578125,8.383643813431263,0.008383643813431263,Step-4,134
166.70343017578125,8.383643813431263,0.008383643813431263,Step-4,135
167.95343017578125,8.42376984655857,0.00842376984655857,Step-4,136
169.20343017578125,8.42376984655857,0.00842376984655857,Step-4,137
170.45343017578125,8.42376984655857,0.00842376984655857,Step-4,138
171.70343017578125,8.871129713952541,0.008871129713952541,Step-4,139
172.95343017578125,8.908210322260857,0.008908210322260857,Step-4,140
174.20343017578125,8.908210322260857,0.008908210322260857,Step-4,141
175.45343017578125,8.908210322260857,0.008908210322260857,Step-4,142
176.70343017578125,8.9850639924407,0.0089850639924407,Step-4,143
177.95343017578125,8.9850639924407,0.0089850639924407,Step-4,144
179.20343017578125,8.9850639924407,0.0089850639924407,Step-4,145
180.45343017578125,9.031892754137516,0.009031892754137516,Step-4,146
181.70343017578125,9.338500909507275,0.009338500909507275,Step-4,147
182.95343017578125,9.338500909507275,0.009338500909507275,Step-4,148
184.20343017578125,9.338500909507275,0.009338500909507275,Step-4,149
185.45343017578125,9.424233809113503,0.009424233809113503,Step-4,150
186.70343017578125,9.424233809113503,0.009424233809113503,Step-4,151
187.95343017578125,9.424233809113503,0.009424233809113503,Step-4,152
189.20343017578125,9.424233809113503,0.009424233809113503,Step-4,153
190.45343017578125,9.475973434746265,0.009475973434746265,Step-4,154
191.70343017578125,9.475973434746265,0.009475973434746265,Step-4,155
192.95343017578125,9.475973434746265,0.009475973434746265,Step-4,156
194.20343017578125,9.925889782607555,0.009925889782607555,Step-4,157
195.45343017578125,9.925889782607555,0.009925889782607555,Step-4,158
196.70343017578125,9.925889782607555,0.009925889782607555,Step-4,159
197.95343017578125,9.925889782607555,0.009925889782607555,Step-4,160
199.20343017578125,10.022648610174656,0.010022648610174656,Step-4,161
200.45343017578125,10.022648610174656,0.010022648610174656,Step-4,162
201.70343017578125,10.022648610174656,0.010022648610174656,Step-4,163
202.95343017578125,10.313951410353184,0.010313951410353184,Step-4,164
204.20343017578125,10.356446728110313,0.010356446728110313,Step-4,165
205.45343017578125,10.356446728110313,0.010356446728110313,Step-4,166
206.70343017578125,10.356446728110313,0.010356446728110313,Step-4,167
207.95343017578125,10.462794452905655,0.010462794452905655,Step-4,168
209.20343017578125,10.462794452905655,0.010462794452905655,Step-4,169
210.45343017578125,10.462794452905655,0.010462794452905655,Step-4,170
211.70343017578125,10.462794452905655,0.010462794452905655,Step-4,171
212.95343017578125,10.532364249229431,0.010532364249229431,Step-4,172
214.20343017578125,10.532364249229431,0.010532364249229431,Step-4,173
215.45343017578125,10.89982409030199,0.01089982409030199,Step-4,174
216.70343017578125,10.945355519652367,0.010945355519652367,Step-4,175
217.95343017578125,10.945355519652367,0.010945355519652367,Step-4,176
219.20343017578125,10.945355519652367,0.010945355519652367,Step-4,177
220.45343017578125,11.066872626543045,0.011066872626543045,Step-4,178
221.70343017578125,11.066872626543045,0.011066872626543045,Step-4,179
222.95343017578125,11.066872626543045,0.011066872626543045,Step-4,180
224.20343017578125,11.328327469527721,0.011328327469527721,Step-4,181
225.45343017578125,11.375144124031067,0.011375144124031067,Step-4,182
226.70343017578125,11.375144124031067,0.011375144124031067,Step-4,183
227.95343017578125,11.375144124031067,0.011375144124031067,Step-4,184
229.20343017578125,11.375144124031067,0.011375144124031067,Step-4,185
230.45343017578125,11.504149064421654,0.011504149064421654,Step-4,186
231.70343017578125,11.504149064421654,0.011504149064421654,Step-4,187
232.95343017578125,11.504149064421654,0.011504149064421654,Step-4,188
234.20343017578125,11.504149064421654,0.011504149064421654,Step-4,189
235.45343017578125,11.608527973294258,0.011608527973294258,Step-4,190
236.70343017578125,11.913142167031765,0.011913142167031765,Step-4,191
237.95343017578125,11.960435658693314,0.011960435658693314,Step-4,192
239.20343017578125,11.960435658693314,0.011960435658693314,Step-4,193
240.45343017578125,11.960435658693314,0.011960435658693314,Step-4,194
241.70343017578125,12.094732373952866,0.012094732373952866,Step-4,195
242.95343017578125,12.094732373952866,0.012094732373952866,Step-4,196
244.20343017578125,12.094732373952866,0.012094732373952866,Step-4,197
245.45343017578125,12.340400367975235,0.012340400367975235,Step-4,198
246.70343017578125,12.388124130666256,0.012388124130666256,Step-4,199
247.95343017578125,12.388124130666256,0.012388124130666256,Step-4,200
249.20343017578125,12.388124130666256,0.012388124130666256,Step-4,201
250.45343017578125,12.388124130666256,0.012388124130666256,Step-4,202
251.70343017578125,12.524185702204704,0.012524185702204704,Step-4,203
252.95343017578125,12.524185702204704,0.012524185702204704,Step-4,204
254.20343017578125,12.524185702204704,0.012524185702204704,Step-4,205
255.45343017578125,12.635388411581516,0.012635388411581516,Step-4,206
256.70343017578125,12.635388411581516,0.012635388411581516,Step-4,207
257.95343017578125,12.922882102429867,0.012922882102429867,Step-4,208
259.20343017578125,12.971306219696999,0.012971306219696999,Step-4,209
260.45343017578125,12.971306219696999,0.012971306219696999,Step-4,210
261.70343017578125,12.971306219696999,0.012971306219696999,Step-4,211
262.95343017578125,13.10689002275467,0.01310689002275467,Step-4,212
264.20343017578125,13.10689002275467,0.01310689002275467,Step-4,213
265.45343017578125,13.10689002275467,0.01310689002275467,Step-4,214
266.70343017578125,13.34881130605936,0.01334881130605936,Step-4,215
267.95343017578125,13.397383503615856,0.013397383503615856,Step-4,216
269.20343017578125,13.397383503615856,0.013397383503615856,Step-4,217
270.45343017578125,13.397383503615856,0.013397383503615856,Step-4,218
271.70343017578125,13.530321419239044,0.013530321419239044,Step-4,219
272.95343017578125,13.530321419239044,0.013530321419239044,Step-4,220
274.20343017578125,13.530321419239044,0.013530321419239044,Step-4,221
275.45343017578125,13.530321419239044,0.013530321419239044,Step-4,222
276.70343017578125,13.629728928208351,0.013629728928208351,Step-4,223
277.95343017578125,13.929992914199829,0.013929992914199829,Step-4,224
279.20343017578125,13.978265225887299,0.013978265225887299,Step-4,225
280.45343017578125,13.978265225887299,0.013978265225887299,Step-4,226
281.70343017578125,13.978265225887299,0.013978265225887299,Step-4,227
282.95343017578125,13.978265225887299,0.013978265225887299,Step-4,228
284.20343017578125,14.104444533586502,0.014104444533586502,Step-4,229
285.45343017578125,14.104444533586502,0.014104444533586502,Step-4,230
286.70343017578125,14.104444533586502,0.014104444533586502,Step-4,231
287.95343017578125,14.403386041522026,0.014403386041522026,Step-4,232
289.20343017578125,14.403386041522026,0.014403386041522026,Step-4,233
290.45343017578125,14.403386041522026,0.014403386041522026,Step-4,234
291.70343017578125,14.403386041522026,0.014403386041522026,Step-4,235
292.95343017578125,14.524318277835846,0.014524318277835846,Step-4,236
294.20343017578125,14.524318277835846,0.014524318277835846,Step-4,237
295.45343017578125,14.524318277835846,0.014524318277835846,Step-4,238
296.70343017578125,14.610033482313156,0.014610033482313156,Step-4,239
297.95343017578125,14.610033482313156,0.014610033482313156,Step-4,240
299.20343017578125,14.935929328203201,0.014935929328203201,Step-4,241
300.45343017578125,14.98396322131157,0.01498396322131157,Step-4,242
301.70343017578125,14.98396322131157,0.01498396322131157,Step-4,243
302.95343017578125,14.98396322131157,0.01498396322131157,Step-4,244
304.20343017578125,15.097319148480892,0.015097319148480892,Step-4,245
305.45343017578125,15.097319148480892,0.015097319148480892,Step-4,246
306.70343017578125,15.097319148480892,0.015097319148480892,Step-4,247
307.95343017578125,15.361380763351917,0.015361380763351917,Step-4,248
309.20343017578125,15.409308485686779,0.015409308485686779,Step-4,249
310.45343017578125,15.409308485686779,0.015409308485686779,Step-4,250
311.70343017578125,15.409308485686779,0.015409308485686779,Step-4,251
312.95343017578125,15.518014319241047,0.015518014319241047,Step-4,252
314.20343017578125,15.518014319241047,0.015518014319241047,Step-4,253
315.45343017578125,15.518014319241047,0.015518014319241047,Step-4,254
316.70343017578125,15.592138282954693,0.015592138282954693,Step-4,255
317.95343017578125,15.592138282954693,0.015592138282954693,Step-4,256
319.20343017578125,15.943054109811783,0.015943054109811783,Step-4,257
320.45343017578125,15.990793704986572,0.015990793704986572,Step-4,258
321.70343017578125,15.990793704986572,0.015990793704986572,Step-4,259
322.95343017578125,15.990793704986572,0.015990793704986572,Step-4,260
324.20343017578125,16.094380989670753,0.016094380989670753,Step-4,261
325.45343017578125,16.094380989670753,0.016094380989670753,Step-4,262
326.70343017578125,16.094380989670753,0.016094380989670753,Step-4,263
327.95343017578125,16.369987279176712,0.016369987279176712,Step-4,264
329.20343017578125,16.416819766163826,0.016416819766163826,Step-4,265
330.45343017578125,16.416819766163826,0.016416819766163826,Step-4,266
331.70343017578125,16.416819766163826,0.016416819766163826,Step-4,267
332.95343017578125,16.51761867105961,0.01651761867105961,Step-4,268
334.20343017578125,16.51761867105961,0.01651761867105961,Step-4,269
335.45343017578125,16.51761867105961,0.01651761867105961,Step-4,270
336.70343017578125,16.584595665335655,0.016584595665335655,Step-4,271
337.95343017578125,16.584595665335655,0.016584595665335655,Step-4,272
339.20343017578125,16.584595665335655,0.016584595665335655,Step-4,273
340.45343017578125,16.9992595911026,0.0169992595911026,Step-4,274
341.70343017578125,16.9992595911026,0.0169992595911026,Step-4,275
342.95343017578125,16.9992595911026,0.0169992595911026,Step-4,276
344.20343017578125,17.097556963562965,0.017097556963562965,Step-4,277
345.45343017578125,17.097556963562965,0.017097556963562965,Step-4,278
346.70343017578125,17.097556963562965,0.017097556963562965,Step-4,279
347.95343017578125,17.1639621257782,0.017163962125778198,Step-4,280
349.20343017578125,17.425328493118286,0.017425328493118286,Step-4,281
350.45343017578125,17.425328493118286,0.017425328493118286,Step-4,282
351.70343017578125,17.425328493118286,0.017425328493118286,Step-4,283
352.95343017578125,17.52096600830555,0.01752096600830555,Step-4,284
354.20343017578125,17.52096600830555,0.01752096600830555,Step-4,285
355.45343017578125,17.52096600830555,0.01752096600830555,Step-4,286
356.70343017578125,17.58773624897003,0.017587736248970032,Step-4,287
357.95343017578125,17.58773624897003,0.017587736248970032,Step-4,288
359.20343017578125,17.58773624897003,0.017587736248970032,Step-4,289
360.45343017578125,17.97155663371086,0.01797155663371086,Step-4,290
361.70343017578125,18.006937578320503,0.018006937578320503,Step-4,291
362.95343017578125,18.006937578320503,0.018006937578320503,Step-4,292
364.20343017578125,18.097804859280586,0.018097804859280586,Step-4,293
365.45343017578125,18.097804859280586,0.018097804859280586,Step-4,294
366.70343017578125,18.097804859280586,0.018097804859280586,Step-4,295
367.95343017578125,18.166139721870422,0.018166139721870422,Step-4,296
369.20343017578125,18.431616947054863,0.018431616947054863,Step-4,297
370.45343017578125,18.431616947054863,0.018431616947054863,Step-4,298
371.70343017578125,18.431616947054863,0.018431616947054863,Step-4,299
372.95343017578125,18.516022711992264,0.018516022711992264,Step-4,300
374.20343017578125,18.516022711992264,0.018516022711992264,Step-4,301
375.45343017578125,18.516022711992264,0.018516022711992264,Step-4,302
376.70343017578125,18.582260236144066,0.018582260236144066,Step-4,303
377.95343017578125,18.582260236144066,0.018582260236144066,Step-4,304
379.20343017578125,18.582260236144066,0.018582260236144066,Step-4,305
380.45343017578125,19.010258838534355,0.019010258838534355,Step-4,306
381.70343017578125,19.010258838534355,0.019010258838534355,Step-4,307
382.95343017578125,19.010258838534355,0.019010258838534355,Step-4,308
384.20343017578125,19.081788137555122,0.019081788137555122,Step-4,309
385.45343017578125,19.081788137555122,0.019081788137555122,Step-4,310
386.70343017578125,19.081788137555122,0.019081788137555122,Step-4,311
387.95343017578125,19.140729680657387,0.019140729680657387,Step-4,312
389.20343017578125,19.434433430433273,0.019434433430433273,Step-4,313
390.45343017578125,19.434433430433273,0.019434433430433273,Step-4,314
391.70343017578125,19.437694922089577,0.019437694922089577,Step-4,315
392.95343017578125,19.498128443956375,0.019498128443956375,Step-4,316
394.20343017578125,19.498128443956375,0.019498128443956375,Step-4,317
395.45343017578125,19.55154910683632,0.01955154910683632,Step-4,318
396.70343017578125,19.55154910683632,0.01955154910683632,Step-4,319
397.95343017578125,19.55154910683632,0.01955154910683632,Step-4,320
399.20343017578125,19.55154910683632,0.01955154910683632,Step-4,321
400.45343017578125,20.01466415822506,0.02001466415822506,Step-4,322
401.70343017578125,20.01466415822506,0.02001466415822506,Step-4,323
402.95343017578125,20.069830119609833,0.020069830119609833,Step-4,324
404.20343017578125,20.069830119609833,0.020069830119609833,Step-4,325
405.45343017578125,20.069830119609833,0.020069830119609833,Step-4,326
406.70343017578125,20.115455612540245,0.020115455612540245,Step-4,327
407.95343017578125,20.115455612540245,0.020115455612540245,Step-4,328
409.20343017578125,20.440053194761276,0.020440053194761276,Step-4,329
410.45343017578125,20.440053194761276,0.020440053194761276,Step-4,330
411.70343017578125,20.49069106578827,0.02049069106578827,Step-4,331
412.95343017578125,20.49069106578827,0.02049069106578827,Step-4,332
414.20343017578125,20.531920716166496,0.020531920716166496,Step-4,333
415.45343017578125,20.531920716166496,0.020531920716166496,Step-4,334
416.70343017578125,20.531920716166496,0.020531920716166496,Step-4,335
417.95343017578125,20.531920716166496,0.020531920716166496,Step-4,336
419.20343017578125,20.531920716166496,0.020531920716166496,Step-4,337
420.45343017578125,21.022001281380653,0.021022001281380653,Step-4,338
421.70343017578125,21.022001281380653,0.021022001281380653,Step-4,339
422.95343017578125,21.068787202239037,0.021068787202239037,Step-4,340
424.20343017578125,21.068787202239037,0.021068787202239037,Step-4,341
425.45343017578125,21.105805411934853,0.021105805411934853,Step-4,342
426.70343017578125,21.105805411934853,0.021105805411934853,Step-4,343
427.95343017578125,21.105805411934853,0.021105805411934853,Step-4,344
429.20343017578125,21.447980776429176,0.021447980776429176,Step-4,345
430.45343017578125,21.46623469889164,0.02146623469889164,Step-4,346
431.70343017578125,21.491840481758118,0.021491840481758118,Step-4,347
432.95343017578125,21.491840481758118,0.021491840481758118,Step-4,348
434.20343017578125,21.5255506336689,0.0215255506336689,Step-4,349
435.45343017578125,21.5255506336689,0.0215255506336689,Step-4,350
436.70343017578125,21.5255506336689,0.0215255506336689,Step-4,351
437.95343017578125,21.5255506336689,0.0215255506336689,Step-4,352
439.20343017578125,21.573785692453384,0.021573785692453384,Step-4,353
440.45343017578125,22.02981896698475,0.02202981896698475,Step-4,354
441.70343017578125,22.069547325372696,0.022069547325372696,Step-4,355
442.95343017578125,22.069547325372696,0.022069547325372696,Step-4,356
444.20343017578125,22.069547325372696,0.022069547325372696,Step-4,357
445.45343017578125,22.09843322634697,0.02209843322634697,Step-4,358
446.70343017578125,22.09843322634697,0.02209843322634697,Step-4,359
447.95343017578125,22.455735132098198,0.022455735132098198,Step-4,360
449.20343017578125,22.455735132098198,0.022455735132098198,Step-4,361
450.45343017578125,22.492380812764168,0.022492380812764168,Step-4,362
451.70343017578125,22.492380812764168,0.022492380812764168,Step-4,363
452.95343017578125,22.518187761306763,0.022518187761306763,Step-4,364
454.20343017578125,22.518187761306763,0.022518187761306763,Step-4,365
455.45343017578125,22.518187761306763,0.022518187761306763,Step-4,366
456.70343017578125,22.518187761306763,0.022518187761306763,Step-4,367
457.95343017578125,22.552043199539185,0.022552043199539185,Step-4,368
459.20343017578125,23.037521168589592,0.023037521168589592,Step-4,369
460.45343017578125,23.037521168589592,0.023037521168589592,Step-4,370
461.70343017578125,23.06988090276718,0.02306988090276718,Step-4,371
462.95343017578125,23.06988090276718,0.02306988090276718,Step-4,372
464.20343017578125,23.092100396752357,0.023092100396752357,Step-4,373
465.45343017578125,23.092100396752357,0.023092100396752357,Step-4,374
466.70343017578125,23.092100396752357,0.023092100396752357,Step-4,375
467.95343017578125,23.463640362024307,0.023463640362024307,Step-4,376
469.20343017578125,23.493463173508644,0.023493463173508644,Step-4,377
470.45343017578125,23.493463173508644,0.023493463173508644,Step-4,378
471.70343017578125,23.493463173508644,0.023493463173508644,Step-4,379
472.95343017578125,23.513447493314743,0.023513447493314743,Step-4,380
474.20343017578125,23.513447493314743,0.023513447493314743,Step-4,381
475.45343017578125,23.513447493314743,0.023513447493314743,Step-4,382
476.70343017578125,23.513447493314743,0.023513447493314743,Step-4,383
477.95343017578125,23.538222536444664,0.023538222536444664,Step-4,384
479.20343017578125,24.046029895544052,0.024046029895544052,Step-4,385
480.45343017578125,24.07320961356163,0.02407320961356163,Step-4,386
481.70343017578125,24.07320961356163,0.02407320961356163,Step-4,387
482.95343017578125,24.09067563712597,0.02409067563712597,Step-4,388
484.20343017578125,24.09067563712597,0.02409067563712597,Step-4,389
485.45343017578125,24.09067563712597,0.02409067563712597,Step-4,390
486.70343017578125,24.472396820783615,0.024472396820783615,Step-4,391
487.95343017578125,24.472396820783615,0.024472396820783615,Step-4,392
489.20343017578125,24.497736245393753,0.024497736245393753,Step-4,393
490.45343017578125,24.497736245393753,0.024497736245393753,Step-4,394
491.70343017578125,24.51370656490326,0.02451370656490326,Step-4,395
492.95343017578125,24.51370656490326,0.02451370656490326,Step-4,396
494.20343017578125,24.51370656490326,0.02451370656490326,Step-4,397
495.45343017578125,24.51370656490326,0.02451370656490326,Step-4,398
496.70343017578125,24.532001465559006,0.024532001465559006,Step-4,399
497.95343017578125,25.054870173335075,0.025054870173335075,Step-4,400
499.20343017578125,25.077810510993004,0.025077810510993004,Step-4,401
500.45343017578125,25.077810510993004,0.025077810510993004,Step-4,402
501.70343017578125,25.077810510993004,0.025077810510993004,Step-4,403
502.95343017578125,25.092214345932007,0.025092214345932007,Step-4,404
504.20343017578125,25.092214345932007,0.025092214345932007,Step-4,405
505.45343017578125,25.481317192316055,0.025481317192316055,Step-4,406
506.70343017578125,25.481317192316055,0.025481317192316055,Step-4,407
507.95343017578125,25.50261653959751,0.02550261653959751,Step-4,408
509.20343017578125,25.50261653959751,0.02550261653959751,Step-4,409
510.45343017578125,25.516057386994362,0.025516057386994362,Step-4,410
511.70343017578125,25.516057386994362,0.025516057386994362,Step-4,411
512.9534301757812,25.516057386994362,0.025516057386994362,Step-4,412
514.2034301757812,25.516057386994362,0.025516057386994362,Step-4,413
515.4534301757812,25.531481951475143,0.025531481951475143,Step-4,414
516.7034301757812,26.063913479447365,0.026063913479447365,Step-4,415
517.9534301757812,26.067815721035004,0.026067815721035004,Step-4,416
519.2034301757812,26.08313597738743,0.02608313597738743,Step-4,417
520.4534301757812,26.08313597738743,0.02608313597738743,Step-4,418
521.7034301757812,26.095518842339516,0.026095518842339516,Step-4,419
522.9534301757812,26.095518842339516,0.026095518842339516,Step-4,420
524.2034301757812,26.095518842339516,0.026095518842339516,Step-4,421
525.4534301757812,26.490721851587296,0.026490721851587296,Step-4,422
526.7034301757812,26.50928683578968,0.02650928683578968,Step-4,423
527.9534301757812,26.50928683578968,0.02650928683578968,Step-4,424
529.2034301757812,26.520922780036926,0.026520922780036926,Step-4,425
530.4534301757812,26.520922780036926,0.026520922780036926,Step-4,426
531.7034301757812,26.520922780036926,0.026520922780036926,Step-4,427
532.9534301757812,26.520922780036926,0.026520922780036926,Step-4,428
534.2034301757812,26.53413824737072,0.02653413824737072,Step-4,429
535.4534301757812,27.0741805434227,0.0270741805434227,Step-4,430
536.7034301757812,27.0741805434227,0.0270741805434227,Step-4,431
537.9534301757812,27.093030512332916,0.027093030512332916,Step-4,432
539.2034301757812,27.093030512332916,0.027093030512332916,Step-4,433
540.4534301757812,27.10367925465107,0.02710367925465107,Step-4,434
541.7034301757812,27.10367925465107,0.02710367925465107,Step-4,435
542.9534301757812,27.10367925465107,0.02710367925465107,Step-4,436
544.2034301757812,27.501318603754044,0.027501318603754044,Step-4,437
545.4534301757812,27.52043306827545,0.02752043306827545,Step-4,438
546.7034301757812,27.52043306827545,0.02752043306827545,Step-4,439
547.9534301757812,27.531053870916367,0.027531053870916367,Step-4,440
549.2034301757812,27.531053870916367,0.027531053870916367,Step-4,441
550.4534301757812,27.531053870916367,0.027531053870916367,Step-4,442
551.7034301757812,27.531053870916367,0.027531053870916367,Step-4,443
552.9534301757812,27.540968731045723,0.027540968731045723,Step-4,444
554.2034301757812,28.084831312298775,0.028084831312298775,Step-4,445
555.4534301757812,28.084831312298775,0.028084831312298775,Step-4,446
556.7034301757812,28.104372322559357,0.028104372322559357,Step-4,447
557.9534301757812,28.104372322559357,0.028104372322559357,Step-4,448
559.2034301757812,28.115911409258842,0.028115911409258842,Step-4,449
560.4534301757812,28.115911409258842,0.028115911409258842,Step-4,450
561.7034301757812,28.115911409258842,0.028115911409258842,Step-4,451
562.9534301757812,28.512129560112953,0.028512129560112953,Step-4,452
564.2034301757812,28.532352298498154,0.028532352298498154,Step-4,453
565.4534301757812,28.532352298498154,0.028532352298498154,Step-4,454
566.7034301757812,28.544330969452858,0.028544330969452858,Step-4,455
567.9534301757812,28.544330969452858,0.028544330969452858,Step-4,456
569.2034301757812,28.544330969452858,0.028544330969452858,Step-4,457
570.4534301757812,28.544330969452858,0.028544330969452858,Step-4,458
571.7034301757812,28.556842356920242,0.028556842356920242,Step-4,459
572.9534301757812,29.09601293504238,0.02909601293504238,Step-4,460
574.2034301757812,29.09601293504238,0.02909601293504238,Step-4,461
575.4534301757812,29.117677360773087,0.029117677360773087,Step-4,462
576.7034301757812,29.117677360773087,0.029117677360773087,Step-4,463
577.9534301757812,29.129941016435623,0.029129941016435623,Step-4,464
579.2034301757812,29.129941016435623,0.029129941016435623,Step-4,465
580.4534301757812,29.129941016435623,0.029129941016435623,Step-4,466
581.3909301757812,29.523326084017754,0.029523326084017754,Step-4,467
582.6409301757812,29.523326084017754,0.029523326084017754,Step-4,468
583.8909301757812,29.54573556780815,0.02954573556780815,Step-4,469
585.1409301757812,29.54573556780815,0.02954573556780815,Step-4,470
586.3909301757812,29.558569192886353,0.029558569192886353,Step-4,471
587.6409301757812,29.558569192886353,0.029558569192886353,Step-4,472
588.8909301757812,29.558569192886353,0.029558569192886353,Step-4,473
590.1409301757812,29.558569192886353,0.029558569192886353,Step-4,474
591.3909301757812,30.093396082520485,0.030093396082520485,Step-4,475
592.6409301757812,30.106890946626663,0.030106890946626663,Step-4,476
593.8909301757812,30.12988530099392,0.03012988530099392,Step-4,477
595.1409301757812,30.12988530099392,0.03012988530099392,Step-4,478
596.3909301757812,30.143989250063896,0.030143989250063896,Step-4,479
597.6409301757812,30.143989250063896,0.030143989250063896,Step-4,480
598.8909301757812,30.143989250063896,0.030143989250063896,Step-4,481
600.1409301757812,30.533920973539352,0.030533920973539352,Step-4,482
601.3909301757812,30.533920973539352,0.030533920973539352,Step-4,483
602.6409301757812,30.556872487068176,0.030556872487068176,Step-4,484
603.8909301757812,30.556872487068176,0.030556872487068176,Step-4,485
605.1409301757812,30.5708646774292,0.0305708646774292,Step-4,486
606.3909301757812,30.5708646774292,0.0305708646774292,Step-4,487
607.6409301757812,30.5708646774292,0.0305708646774292,Step-4,488
608.8909301757812,30.5708646774292,0.0305708646774292,Step-4,489
610.1409301757812,31.101446598768234,0.031101446598768234,Step-4,490
611.3909301757812,31.117022037506104,0.031117022037506104,Step-4,491
612.6409301757812,31.139269471168518,0.031139269471168518,Step-4,492
613.8909301757812,31.139269471168518,0.031139269471168518,Step-4,493
615.1409301757812,31.15168958902359,0.03115168958902359,Step-4,494
616.3909301757812,31.15168958902359,0.03115168958902359,Step-4,495
617.6409301757812,31.15168958902359,0.03115168958902359,Step-4,496
618.8909301757812,31.543705612421036,0.031543705612421036,Step-4,497
620.1409301757812,31.564965844154358,0.03156496584415436,Step-4,498
621.3909301757812,31.564965844154358,0.03156496584415436,Step-4,499
622.6409301757812,31.576134264469147,0.03157613426446915,Step-4,500
623.8909301757812,31.576134264469147,0.03157613426446915,Step-4,501
625.1409301757812,31.576134264469147,0.03157613426446915,Step-4,502
626.3909301757812,31.576134264469147,0.03157613426446915,Step-4,503
627.6409301757812,31.585387885570526,0.031585387885570526,Step-4,504
628.8909301757812,32.126329839229584,0.032126329839229584,Step-4,505
630.1409301757812,32.126329839229584,0.032126329839229584,Step-4,506
631.3909301757812,32.14559704065323,0.03214559704065323,Step-4,507
632.6409301757812,32.14559704065323,0.03214559704065323,Step-4,508
633.8909301757812,32.15492144227028,0.03215492144227028,Step-4,509
635.1409301757812,32.15492144227028,0.03215492144227028,Step-4,510
636.3909301757812,32.15492144227028,0.03215492144227028,Step-4,511
637.6409301757812,32.55263343453407,0.03255263343453407,Step-4,512
638.8909301757812,32.56988152861595,0.03256988152861595,Step-4,513
640.1409301757812,32.56988152861595,0.03256988152861595,Step-4,514
641.3909301757812,32.582543790340424,0.032582543790340424,Step-4,515
642.6409301757812,32.582543790340424,0.032582543790340424,Step-4,516
643.8909301757812,32.582543790340424,0.032582543790340424,Step-4,517
645.1409301757812,32.582543790340424,0.032582543790340424,Step-4,518
646.3909301757812,32.582543790340424,0.032582543790340424,Step-4,519
647.6409301757812,33.13469514250755,0.03313469514250755,Step-4,520
648.8909301757812,33.13469514250755,0.03313469514250755,Step-4,521
650.1409301757812,33.14841538667679,0.03314841538667679,Step-4,522
651.3909301757812,33.14841538667679,0.03314841538667679,Step-4,523
652.6409301757812,33.172037452459335,0.033172037452459335,Step-4,524
653.5784301757812,33.172037452459335,0.033172037452459335,Step-4,525
654.6409301757812,33.172037452459335,0.033172037452459335,Step-4,526
655.7034301757812,33.55986997485161,0.03355986997485161,Step-4,527
656.9534301757812,33.56847167015076,0.03356847167015076,Step-4,528
658.2034301757812,33.56847167015076,0.03356847167015076,Step-4,529
659.4534301757812,33.56847167015076,0.03356847167015076,Step-4,530
660.7034301757812,33.58879312872887,0.03358879312872887,Step-4,531
661.9534301757812,33.58879312872887,0.03358879312872887,Step-4,532
663.2034301757812,33.58879312872887,0.03358879312872887,Step-4,533
664.4534301757812,33.58879312872887,0.03358879312872887,Step-4,534
665.7034301757812,34.121885895729065,0.034121885895729065,Step-4,535
666.9534301757812,34.13940221071243,0.03413940221071243,Step-4,536
668.2034301757812,34.13940221071243,0.03413940221071243,Step-4,537
669.4534301757812,34.13940221071243,0.03413940221071243,Step-4,538
670.7034301757812,34.13940221071243,0.03413940221071243,Step-4,539
671.9534301757812,34.13940221071243,0.03413940221071243,Step-4,540
673.2034301757812,34.140635281801224,0.034140635281801224,Step-4,541
674.4534301757812,34.563153982162476,0.034563153982162476,Step-4,542
675.7034301757812,34.563153982162476,0.034563153982162476,Step-4,543
676.9534301757812,34.563153982162476,0.034563153982162476,Step-4,544
678.2034301757812,34.563153982162476,0.034563153982162476,Step-4,545
679.4534301757812,34.563153982162476,0.034563153982162476,Step-4,546
680.7034301757812,34.563153982162476,0.034563153982162476,Step-4,547
681.9534301757812,34.563153982162476,0.034563153982162476,Step-4,548
683.2034301757812,34.563153982162476,0.034563153982162476,Step-4,549
684.4534301757812,35.14133766293526,0.03514133766293526,Step-4,550
685.7034301757812,35.14133766293526,0.03514133766293526,Step-4,551
686.9534301757812,35.14133766293526,0.03514133766293526,Step-4,552
688.2034301757812,35.14133766293526,0.03514133766293526,Step-4,553
689.4534301757812,35.14133766293526,0.03514133766293526,Step-4,554
690.7034301757812,35.14133766293526,0.03514133766293526,Step-4,555
691.9534301757812,35.14133766293526,0.03514133766293526,Step-4,556
693.2034301757812,35.56611388921738,0.03556611388921738,Step-4,557
694.4534301757812,35.56611388921738,0.03556611388921738,Step-4,558
695.7034301757812,35.56611388921738,0.03556611388921738,Step-4,559
696.9534301757812,35.56611388921738,0.03556611388921738,Step-4,560
698.2034301757812,35.56611388921738,0.03556611388921738,Step-4,561
699.4534301757812,35.56611388921738,0.03556611388921738,Step-4,562
700.7034301757812,35.56611388921738,0.03556611388921738,Step-4,563
701.9534301757812,35.56611388921738,0.03556611388921738,Step-4,564
703.2034301757812,36.14843264222145,0.03614843264222145,Step-4,565
704.4534301757812,36.14843264222145,0.03614843264222145,Step-4,566
705.7034301757812,36.14843264222145,0.03614843264222145,Step-4,567
706.9534301757812,36.14843264222145,0.03614843264222145,Step-4,568
708.2034301757812,36.14843264222145,0.03614843264222145,Step-4,569
709.4534301757812,36.14843264222145,0.03614843264222145,Step-4,570
710.7034301757812,36.57566010951996,0.03657566010951996,Step-4,571
711.9534301757812,36.57566010951996,0.03657566010951996,Step-4,572
713.2034301757812,36.57566010951996,0.03657566010951996,Step-4,573
714.4534301757812,36.57566010951996,0.03657566010951996,Step-4,574
715.7034301757812,36.57566010951996,0.03657566010951996,Step-4,575
716.9534301757812,36.57566010951996,0.03657566010951996,Step-4,576
718.2034301757812,36.57566010951996,0.03657566010951996,Step-4,577
719.4534301757812,36.57566010951996,0.03657566010951996,Step-4,578
720.7034301757812,36.57566010951996,0.03657566010951996,Step-4,579
721.9534301757812,37.16077283024788,0.03716077283024788,Step-4,580
723.2034301757812,37.16077283024788,0.03716077283024788,Step-4,581
724.4534301757812,37.16077283024788,0.03716077283024788,Step-4,582
725.7034301757812,37.16077283024788,0.03716077283024788,Step-4,583
726.9534301757812,37.16077283024788,0.03716077283024788,Step-4,584
728.2034301757812,37.16077283024788,0.03716077283024788,Step-4,585
729.4534301757812,37.58862242102623,0.03758862242102623,Step-4,586
730.7034301757812,37.58862242102623,0.03758862242102623,Step-4,587
731.9534301757812,37.58862242102623,0.03758862242102623,Step-4,588
733.2034301757812,37.58862242102623,0.03758862242102623,Step-4,589
734.4534301757812,37.58862242102623,0.03758862242102623,Step-4,590
735.7034301757812,37.58862242102623,0.03758862242102623,Step-4,591
736.9534301757812,37.58862242102623,0.03758862242102623,Step-4,592
738.2034301757812,37.58862242102623,0.03758862242102623,Step-4,593
739.4534301757812,37.58862242102623,0.03758862242102623,Step-4,594
740.7034301757812,38.17327693104744,0.03817327693104744,Step-4,595
741.9534301757812,38.17327693104744,0.03817327693104744,Step-4,596
743.2034301757812,38.17327693104744,0.03817327693104744,Step-4,597
744.4534301757812,38.17327693104744,0.03817327693104744,Step-4,598
745.7034301757812,38.17327693104744,0.03817327693104744,Step-4,599
746.9534301757812,38.17327693104744,0.03817327693104744,Step-4,600
748.2034301757812,38.60082849860191,0.03860082849860191,Step-4,601
749.4534301757812,38.60082849860191,0.03860082849860191,Step-4,602
750.7034301757812,38.60082849860191,0.03860082849860191,Step-4,603
751.9534301757812,38.60082849860191,0.03860082849860191,Step-4,604
753.2034301757812,38.60082849860191,0.03860082849860191,Step-4,605
754.4534301757812,38.60082849860191,0.03860082849860191,Step-4,606
755.7034301757812,38.60082849860191,0.03860082849860191,Step-4,607
756.9534301757812,38.60082849860191,0.03860082849860191,Step-4,608
758.2034301757812,38.60082849860191,0.03860082849860191,Step-4,609
759.4534301757812,39.18427601456642,0.03918427601456642,Step-4,610
760.7034301757812,39.18427601456642,0.03918427601456642,Step-4,611
761.9534301757812,39.18427601456642,0.03918427601456642,Step-4,612
763.2034301757812,39.18427601456642,0.03918427601456642,Step-4,613
764.4534301757812,39.18427601456642,0.03918427601456642,Step-4,614
765.7034301757812,39.18427601456642,0.03918427601456642,Step-4,615
766.9534301757812,39.61166366934776,0.03961166366934776,Step-4,616
768.2034301757812,39.61166366934776,0.03961166366934776,Step-4,617
769.4534301757812,39.61166366934776,0.03961166366934776,Step-4,618
770.7034301757812,39.61166366934776,0.03961166366934776,Step-4,619
771.9534301757812,39.61166366934776,0.03961166366934776,Step-4,620
773.2034301757812,39.61166366934776,0.03961166366934776,Step-4,621
774.4534301757812,39.61166366934776,0.03961166366934776,Step-4,622
775.7034301757812,39.61166366934776,0.03961166366934776,Step-4,623
776.9534301757812,40.19585996866226,0.04019585996866226,Step-4,624
778.2034301757812,40.19585996866226,0.04019585996866226,Step-4,625
779.4534301757812,40.19585996866226,0.04019585996866226,Step-4,626
780.7034301757812,40.19585996866226,0.04019585996866226,Step-4,627
781.9534301757812,40.19585996866226,0.04019585996866226,Step-4,628
783.2034301757812,40.19585996866226,0.04019585996866226,Step-4,629
784.4534301757812,40.19585996866226,0.04019585996866226,Step-4,630
785.7034301757812,40.62366485595703,0.04062366485595703,Step-4,631
786.9534301757812,40.62366485595703,0.04062366485595703,Step-4,632
788.2034301757812,40.62366485595703,0.04062366485595703,Step-4,633
789.4534301757812,40.62366485595703,0.04062366485595703,Step-4,634
790.7034301757812,40.62366485595703,0.04062366485595703,Step-4,635
791.9534301757812,40.62366485595703,0.04062366485595703,Step-4,636
793.2034301757812,40.62366485595703,0.04062366485595703,Step-4,637
794.4534301757812,40.62366485595703,0.04062366485595703,Step-4,638
795.7034301757812,41.20825603604317,0.04120825603604317,Step-4,639
796.9534301757812,41.20825603604317,0.04120825603604317,Step-4,640
798.2034301757812,41.20825603604317,0.04120825603604317,Step-4,641
799.4534301757812,41.20825603604317,0.04120825603604317,Step-4,642
800.7034301757812,41.20825603604317,0.04120825603604317,Step-4,643
801.9534301757812,41.20825603604317,0.04120825603604317,Step-4,644
803.2034301757812,41.20825603604317,0.04120825603604317,Step-4,645
804.4534301757812,41.636183857917786,0.041636183857917786,Step-4,646
805.7034301757812,41.636183857917786,0.041636183857917786,Step-4,647
806.9534301757812,41.636183857917786,0.041636183857917786,Step-4,648
808.2034301757812,41.636183857917786,0.041636183857917786,Step-4,649
809.4534301757812,41.636183857917786,0.041636183857917786,Step-4,650
810.7034301757812,41.636183857917786,0.041636183857917786,Step-4,651
811.9534301757812,41.636183857917786,0.041636183857917786,Step-4,652
813.2034301757812,41.636183857917786,0.041636183857917786,Step-4,653
814.4534301757812,42.22070798277855,0.04222070798277855,Step-4,654
815.7034301757812,42.22070798277855,0.04222070798277855,Step-4,655
816.9534301757812,42.22070798277855,0.04222070798277855,Step-4,656
818.2034301757812,42.22070798277855,0.04222070798277855,Step-4,657
819.4534301757812,42.22070798277855,0.04222070798277855,Step-4,658
820.7034301757812,42.22070798277855,0.04222070798277855,Step-4,659
821.9534301757812,42.22070798277855,0.04222070798277855,Step-4,660
823.2034301757812,42.64829680323601,0.04264829680323601,Step-4,661
824.4534301757812,42.64829680323601,0.04264829680323601,Step-4,662
825.7034301757812,42.64829680323601,0.04264829680323601,Step-4,663
826.9534301757812,42.64829680323601,0.04264829680323601,Step-4,664
828.2034301757812,42.64829680323601,0.04264829680323601,Step-4,665
829.4534301757812,42.64829680323601,0.04264829680323601,Step-4,666
830.7034301757812,42.64829680323601,0.04264829680323601,Step-4,667
831.9534301757812,42.64829680323601,0.04264829680323601,Step-4,668
833.2034301757812,43.23197901248932,0.04323197901248932,Step-4,669
834.4534301757812,43.23197901248932,0.04323197901248932,Step-4,670
835.7034301757812,43.23197901248932,0.04323197901248932,Step-4,671
836.9534301757812,43.23197901248932,0.04323197901248932,Step-4,672
838.2034301757812,43.23197901248932,0.04323197901248932,Step-4,673
839.4534301757812,43.23197901248932,0.04323197901248932,Step-4,674
840.7034301757812,43.23197901248932,0.04323197901248932,Step-4,675
841.9534301757812,43.65925118327141,0.04365925118327141,Step-4,676
843.2034301757812,43.65925118327141,0.04365925118327141,Step-4,677
844.4534301757812,43.65925118327141,0.04365925118327141,Step-4,678
845.7034301757812,43.65925118327141,0.04365925118327141,Step-4,679
846.9534301757812,43.65925118327141,0.04365925118327141,Step-4,680
848.2034301757812,43.65925118327141,0.04365925118327141,Step-4,681
849.4534301757812,43.65925118327141,0.04365925118327141,Step-4,682
850.7034301757812,43.65925118327141,0.04365925118327141,Step-4,683
851.9534301757812,44.24291104078293,0.04424291104078293,Step-4,684
853.2034301757812,44.24291104078293,0.04424291104078293,Step-4,685
854.4534301757812,44.24291104078293,0.04424291104078293,Step-4,686
855.7034301757812,44.24291104078293,0.04424291104078293,Step-4,687
856.9534301757812,44.24291104078293,0.04424291104078293,Step-4,688
858.2034301757812,44.24291104078293,0.04424291104078293,Step-4,689
859.4534301757812,44.24291104078293,0.04424291104078293,Step-4,690
860.7034301757812,44.67029497027397,0.04467029497027397,Step-4,691
861.9534301757812,44.67029497027397,0.04467029497027397,Step-4,692
863.2034301757812,44.67029497027397,0.04467029497027397,Step-4,693
864.4534301757812,44.67029497027397,0.04467029497027397,Step-4,694
865.7034301757812,44.67029497027397,0.04467029497027397,Step-4,695
866.9534301757812,44.67029497027397,0.04467029497027397,Step-4,696
868.2034301757812,44.67029497027397,0.04467029497027397,Step-4,697
869.4534301757812,44.67029497027397,0.04467029497027397,Step-4,698
870.7034301757812,45.25425285100937,0.04525425285100937,Step-4,699
871.9534301757812,45.25425285100937,0.04525425285100937,Step-4,700
873.2034301757812,45.25425285100937,0.04525425285100937,Step-4,701
874.4534301757812,45.25425285100937,0.04525425285100937,Step-4,702
875.7034301757812,45.25425285100937,0.04525425285100937,Step-4,703
876.9534301757812,45.25425285100937,0.04525425285100937,Step-4,704
878.2034301757812,45.25425285100937,0.04525425285100937,Step-4,705
879.4534301757812,45.671988278627396,0.045671988278627396,Step-4,706
880.7034301757812,45.67233845591545,0.04567233845591545,Step-4,707
881.9534301757812,45.67233845591545,0.04567233845591545,Step-4,708
883.2034301757812,45.67250236868858,0.04567250236868858,Step-4,709
884.4534301757812,45.67250236868858,0.04567250236868858,Step-4,710
885.7034301757812,45.67250236868858,0.04567250236868858,Step-4,711
886.9534301757812,45.67250236868858,0.04567250236868858,Step-4,712
888.2034301757812,45.67260295152664,0.04567260295152664,Step-4,713
889.4534301757812,46.2292917072773,0.0462292917072773,Step-4,714
890.7034301757812,46.23059928417206,0.04623059928417206,Step-4,715
891.9534301757812,46.23059928417206,0.04623059928417206,Step-4,716
893.2034301757812,46.2312176823616,0.0462312176823616,Step-4,717
894.4534301757812,46.2312176823616,0.0462312176823616,Step-4,718
895.7034301757812,46.2312176823616,0.0462312176823616,Step-4,719
896.9534301757812,46.63750156760216,0.04663750156760216,Step-4,720
898.2034301757812,46.63963243365288,0.04663963243365288,Step-4,721
899.4534301757812,46.63963243365288,0.04663963243365288,Step-4,722
900.7034301757812,46.64082080125809,0.04664082080125809,Step-4,723
901.9534301757812,46.64082080125809,0.04664082080125809,Step-4,724
903.0,46.64082080125809,0.04664082080125809,Step-4,725
